职位名称,公司全称,公司人数,发布时间,工作城市,薪资待遇,工作经验,学历要求,职位优势
会计,南京贝湾信息科技有限公司,150-500人,2020-12-31 10:52,南京,4k-6k,不限,本科,"团队棒,个人成长快"
财务会计,西安四叶草信息技术有限公司,50-150人,2021-1-1 3:00,西安,3k-5k,不限,本科,五险一金
会计,株洲市聚讯信息技术有限公司,15-50人,2020-12-31 18:43,深圳,6k-8k,在校/应届,大专,五险、下午茶、节日福利，年假多，晋升快
会计助理,中国平安人寿保险股份有限公司成都电话销售中心武侯分部,2000人以上,2020-12-30 10:20,成都,4k-5k,不限,本科,周末双休，入职即购买五险一金，带薪年假，
会计,八橙科技（广州）有限公司,50-150人,2020-12-31 14:04,广州,4k-6k,1年以下,本科,下午茶、绩效奖金、年终奖！
会计,郴州吉天贸易有限公司,15-50人,2020-12-31 14:21,郴州,3k-6k,不限,本科,突破自我
会计,广东芃盛教育文化传播有限公司,少于15人,2020-12-31 10:28,广州,4k-6k,不限,大专,五险
会计助理,上海章武电子技术有限公司,少于15人,2020-12-31 13:06,上海,6k-8k,不限,不限,14薪、工作环境好、提供住宿
财务会计,深圳市金源广科技发展有限公司,少于15人,2020-12-31 7:40,深圳,3k-5k,在校/应届,不限,行业较好，公司初创阶段，发展前景较好
财务会计,广州有你网络技术有限公司,15-50人,2020-12-28 10:12,广州,4k-7k,1年以下,大专,下午茶 社会保险 月度团建 年度旅游
财务会计专员,创而新（北京）教育科技有限公司,150-500人,2020-12-31 18:20,北京,5k-10k,不限,本科,五险一金 绩效激励 餐补
行政会计,北京万视天象网络技术有限公司,少于15人,2021-1-1 12:52,北京,5k-6k,不限,不限,轻松稳定
会计英文编辑,成都牧思宝贝教育咨询有限公司,50-150人,2021-1-2 14:59,北京,5k-8k,在校/应届,本科,英文翻译
会计,深圳易可达科技有限公司,2000人以上,2020-12-30 10:03,深圳,5k-7k,不限,不限,团队实力强，海外背景，全球业务
财务会计,上海卫瓴信息科技有限公司,15-50人,2021-1-4 0:01,上海,8k-12k,3-5年,本科,创业企业 发展无限
会计,深圳唐牛科技有限公司,150-500人,2021-1-3 23:17,深圳,7k-8k,1-3年,本科,团队大牛多 工作氛围融洽
总账会计,上海穆明信息科技有限公司,15-50人,2021-1-3 22:46,上海,8k-13k,5-10年,本科,扁平化管理，晋升空间大
财务会计,北京特比昂科技有限公司,15-50人,2021-1-3 21:52,西安,4k-5k,1-3年,本科,双休、五险一金、节假日福利、
财务会计,武汉零壹商业管理有限公司,少于15人,2021-1-3 19:23,武汉,5k-10k,1-3年,本科,极具有上升机会和拓展技能的工作环境
会计,四川苍狼白鹿科技有限公司,15-50人,2021-1-3 22:00,成都,8k-10k,5-10年,本科,与上市公司持续合作，五险一金、双休
财务会计,上海商涌科技有限公司,50-150人,2021-1-3 16:17,上海,6k-8k,1-3年,本科,"学习成长快,团队氛围好,发展空间大"
销售会计,成都书声科技有限公司,2000人以上,2021-1-3 23:45,成都,5k-7k,3-5年,本科,五险一金 成长发展 周末双休 优质项目
成本会计,成都书声科技有限公司,2000人以上,2021-1-3 23:45,成都,4k-6k,1-3年,本科,五险一金 良好氛围 周末双休 优质项目
财务会计,合时（北京）有限公司,15-50人,2021-1-3 15:22,北京,5k-10k,5-10年,本科,时尚新零售管理专家
高级核算会计,北京果壳互动科技传媒有限公司,150-500人,2021-1-3 23:32,北京,9k-15k,3-5年,本科,七险一金，免费三餐，弹性上班，带薪假期
核算会计,北京果壳互动科技传媒有限公司,150-500人,2021-1-3 23:32,北京,9k-13k,1-3年,本科,七险一金，免费三餐，弹性上班，带薪假期
收入会计,北京拉勾网络技术有限公司,500-2000人,2020-12-31 19:07,北京,8k-10k,3-5年,本科,六险一金；弹性工作；领导nice
会计,宁波美业云互联网科技有限公司,少于15人,2021-1-3 14:31,宁波,8k-10k,5-10年,本科,核心岗位虚位以待！期待能一起共同成长～
成本会计,上海寸心创意科技有限公司,150-500人,2021-1-3 23:15,上海,6k-8k,1-3年,本科,垂直电商 互联+制造业 精英团队
总账会计,好多素教（浙江）网络科技有限公司,50-150人,2021-1-3 14:01,杭州,12k-20k,1-3年,本科,知名创始团队 扁平管理 发展空间大
1231K6-财务中心业务会计岗,深圳平安综合金融服务有限公司,2000人以上,2021-1-4 0:00,深圳,4k-8k,1-3年,本科,"带薪年假,定期体检,节日福利"
12313G-会计核算岗,深圳平安综合金融服务有限公司,2000人以上,2021-1-4 0:00,上海,7k-8k,3-5年,本科,"五险一金,绩效奖金,带薪年假,定期体检"
财务会计实习生,杭州陆港科技有限公司,15-50人,2021-1-3 18:03,杭州,1k-2k,在校/应届,不限,"双休,带薪假,五险一金,定期旅游"
会计/出纳,北京叁农夫科技发展有限公司,15-50人,2021-1-3 15:11,北京,4k-6k,1-3年,本科,有你的加入会让我们离成功更近
资产会计（固定资产）,闪电快车软件（北京）有限公司,150-500人,2021-1-3 12:33,北京,8k-12k,3-5年,大专,福利待遇好
核算会计,深圳海伦司企业管理有限公司,2000人以上,2021-1-3 11:13,武汉,4k-6k,1-3年,大专,包食宿，别墅办公，五险一金，升职空间大
会计助理,广州誉之成服装有限公司,15-50人,2021-1-2 17:32,广州,5k-8k,3-5年,大专,自由
总账会计,闪电快车软件（北京）有限公司,150-500人,2021-1-2 14:51,北京,8k-12k,3-5年,本科,大平台
收入会计,网易（杭州）网络有限公司,2000人以上,2021-1-3 8:00,北京,13k-20k,3-5年,本科,互联网平台
管理会计-FP&amp;A SSC,北京字节跳动科技有限公司,2000人以上,2021-1-3 3:59,北京,7k-14k,1-3年,本科,"下午茶,六险一金,弹性工作,免费三餐"
高级收入会计,北京字节跳动科技有限公司,2000人以上,2021-1-3 4:01,北京,8k-15k,3-5年,本科,"六险一金,弹性工作,免费三餐,租房补贴"
财务会计,深圳市育联网职业教育发展有限公司,50-150人,2021-1-1 17:38,深圳,8k-16k,3-5年,本科,行业前景棒 领导好 氛围好
成本会计,北京印象笔记科技有限公司,50-150人,2021-1-2 23:46,北京,10k-20k,3-5年,本科,超长假期 扁平管理 发展空间大
会计,珠海钧誉资产管理有限公司,15-50人,2021-1-1 18:05,珠海,4k-5k,1-3年,大专,扁平化管理 周末双休
财务会计,上海优悦信息科技有限公司,15-50人,2020-12-31 17:01,上海,7k-9k,1-3年,本科,"弹性工作制,节日福利,年底双薪,健康体检"
会计,深圳微米信息服务有限公司,50-150人,2020-12-31 10:01,深圳,8k-12k,3-5年,本科,晋升空间大 牛人聚集地 期权股权
总账会计,上海依图信息技术有限公司,150-500人,2020-12-31 9:32,上海,8k-15k,3-5年,本科,弹性工作 扁平管理 休闲餐点 领导好
总账会计,深圳市晨北科技有限公司,500-2000人,2020-12-31 9:08,深圳,12k-20k,3-5年,本科,上市公司、扁平化
财务会计,深圳市致趣科技有限公司,15-50人,2020-12-31 18:09,深圳,8k-13k,3-5年,本科,弹性工作时间和地点，周末双休，团队氛围好
总账会计,校宝在线（杭州）科技股份有限公司,500-2000人,2020-12-30 17:04,杭州,5k-10k,1-3年,本科,有餐补；弹性工作；大牛共事；
总账会计,上海图聚智能科技股份有限公司,150-500人,2020-12-31 14:46,上海,8k-12k,5-10年,本科,双休，带薪年假，节假日福利等
会计,广州瓯珠粤明文化发展有限公司,150-500人,2020-12-31 12:55,广州,5k-8k,3-5年,本科,朝十晚六、社保五险，氛围自由、有能力者上
会计助理,广州嘉莹工商财税代理有限公司,15-50人,2020-12-31 20:05,广州,2k-3k,1年以下,不限,欢迎加入嘉莹我们这个大家庭，我们一起创造
高级收入会计,北京字节跳动科技有限公司,2000人以上,2021-1-3 4:09,上海,8k-16k,3-5年,本科,"六险一金,带薪休假,免费三餐,弹性工作"
资产会计,闪电快车软件（北京）有限公司,150-500人,2021-1-2 14:51,北京,8k-12k,3-5年,本科,成长
会计专员,成都智明未来教育科技有限公司,150-500人,2020-12-31 18:07,成都,5k-8k,1-3年,本科,五险一金，弹性上班，团队nice。
会计,成都启迪数字医疗科技发展有限公司,15-50人,2020-12-30 20:46,成都,5k-8k,5-10年,本科,初创公司 五险一金 带薪年假 年轻高素质团队
会计,广州市本该信息技术有限责任公司,50-150人,2020-12-30 14:35,广州,5k-7k,1-3年,本科,五险一金、每年多次调薪、弹性工作、绩效奖金
会计,满金坝(深圳)科技有限公司,50-150人,2020-12-31 16:41,深圳,5k-8k,1-3年,大专,周末双休　发展前景
总账会计,深圳市星河互动科技有限公司,150-500人,2020-12-30 11:54,深圳,10k-15k,3-5年,本科,....
会计,广州市金其利信息科技有限公司,15-50人,2020-12-31 17:46,广州,6k-8k,1-3年,大专,五险一金 周末双休 生日礼金等等
会计文员,深圳市冠峰装饰设计工程有限公司,少于15人,2021-1-2 13:19,深圳,4k-6k,1-3年,大专,培养综合能力
财务会计,杭州数澜科技有限公司,150-500人,2020-12-31 18:40,杭州,8k-10k,3-5年,本科,工作氛围好，晋升空间大，六险一金
会计专员,秒针信息技术有限公司,2000人以上,2020-12-31 15:02,北京,6k-8k,1-3年,本科,六险一金 制度规范 职位发展好
财务会计,场景灵兽信息科技（苏州）有限公司,150-500人,2020-12-31 17:56,苏州,6k-8k,5-10年,本科,由前华为、腾讯公司组建团队
会计,动信通（北京）科技集团股份有限公司,50-150人,2020-12-31 18:45,北京,8k-12k,1-3年,本科,绩效考核
总账会计,广州梦映动漫网络科技有限公司,150-500人,2020-12-31 16:56,广州,8k-12k,5-10年,本科,六险一金 周末双休 地铁上盖 年度体检
总账会计,杭州数澜科技有限公司,150-500人,2020-12-31 18:40,杭州,15k-18k,3-5年,本科,技能培训，六险一金，工作氛围好，晋升空间大
会计,中信出版集团股份有限公司,150-500人,2020-12-30 16:46,北京,8k-15k,1-3年,硕士,扁平管理，六险两金，开放办公环境，福利好
财务会计,滴纱文化（深圳）有限公司,15-50人,2020-12-31 14:58,深圳,7k-10k,5-10年,大专,弹性打卡，不加班。团队氛围和谐幸福。
会计,钛马信息网络技术有限公司,150-500人,2020-12-31 16:33,上海,8k-12k,3-5年,本科,车联网
财务会计,杭州扶鹰教育科技有限公司,50-150人,2020-12-31 16:17,杭州,5k-7k,1-3年,大专,晋升空间大，氛围好
总账会计,北京市小仙炖电子商务有限公司,150-500人,2020-12-31 12:12,北京,7k-14k,3-5年,本科,年终奖、半年奖、周末双休、五险一金、提供午餐
会计,上海浩宜信息科技有限公司,150-500人,2020-12-31 11:28,上海,6k-8k,1-3年,本科,早九晚六，五险一金，绩效年终奖
财务会计,上海衿御文化传媒有限公司,50-150人,2020-12-31 15:50,上海,8k-10k,1-3年,本科,周末双休 五险一金 稳定性
会计专员,北京比酷天地文化股份有限公司,50-150人,2020-12-31 15:43,北京,8k-12k,1-3年,本科,公司氛围轻松和谐
总账会计,北京格灵深瞳信息技术有限公司,150-500人,2020-12-31 16:22,北京,12k-20k,3-5年,本科,六险一金 午餐补助
总账会计,北京格灵深瞳信息技术有限公司,150-500人,2020-12-31 16:22,北京,10k-18k,3-5年,本科,六险一金 年终奖
会计,火眼云（北京）科技有限公司,50-150人,2020-12-31 12:41,北京,7k-8k,1-3年,本科,发展前进好，团队实力强
会计,成都卓杭网络科技股份有限公司,150-500人,2020-12-31 9:21,成都,6k-8k,1-3年,本科,"六险一金,带薪年假,周末双休,员工旅游"
总账会计,深圳市华旅云创科技有限公司,50-150人,2020-12-31 10:27,深圳,7k-9k,3-5年,大专,晋升空间足
总账会计,上海阑途信息技术有限公司,2000人以上,2020-12-31 15:20,上海,10k-15k,3-5年,本科,发展前景好
总账会计,上海阑途信息技术有限公司,2000人以上,2020-12-31 15:20,上海,10k-20k,3-5年,本科,"平台发展好,工作氛围好"
会计,深圳小库科技有限公司,50-150人,2020-12-29 17:51,深圳,8k-15k,3-5年,本科,海归精英多 双休不打卡 带行业领先
总账会计,广州棒谷科技股份有限公司,2000人以上,2020-12-31 14:40,广州,10k-15k,3-5年,本科,专业团队，五险一金，绩效奖金，学习型组织
财务会计,上海聚进商贸发展有限公司,50-150人,2020-12-31 9:39,上海,5k-7k,1-3年,大专,交金体检旅游福利全/工作氛围好/职位晋升快
会计专员,江苏物润船联网络股份有限公司,50-150人,2020-12-31 10:21,芜湖,4k-6k,1-3年,大专,福利好、发展空间大
会计,西安新视窗科技有限公司,50-150人,2020-12-31 10:39,西安,4k-8k,3-5年,本科,双休 绩效奖金 年终奖金
财务会计,上海轩宝企业发展有限公司,少于15人,2020-12-30 15:10,上海,4k-6k,1-3年,大专,双休，房补，
总账会计,广州富米科技有限公司,500-2000人,2020-12-30 21:12,广州,8k-11k,3-5年,大专,期权、餐补、五险一金
总账会计,深圳市泰利兴集团有限公司,15-50人,2020-12-31 10:13,深圳,5k-9k,3-5年,本科,五险一金、周末双休、员工旅游、生日礼金等
会计,深圳市泰利兴集团有限公司,15-50人,2020-12-31 10:13,深圳,5k-9k,3-5年,本科,五险一金、周末双休、员工旅游、生日礼金等
会计,成都数蛙科技有限公司,15-50人,2020-12-31 10:16,成都,5k-8k,3-5年,本科,发展前景好
会计,中晟国亚资产管理（北京）有限公司,50-150人,2020-12-31 10:22,北京,5k-8k,1-3年,大专,周末双休 节假日休息 带薪年假
总账会计,上海妃鱼网络科技有限公司,150-500人,2020-12-31 16:15,上海,8k-12k,3-5年,本科,五险一金 绩效奖金
总账会计,广州探途网络技术有限公司,500-2000人,2020-12-28 14:17,广州,6k-9k,1-3年,本科,发展前景、上升空间
会计,成都蓉汇包车客运服务有限公司,少于15人,2020-12-31 11:24,成都,4k-5k,3-5年,本科,双休 社保 节日福利 提供住宿
会计,深圳云上加密科技有限公司,15-50人,2020-12-29 19:18,深圳,7k-14k,3-5年,本科,五险一金，工作餐
会计,湖北智考在线教育科技有限公司,150-500人,2020-12-31 17:13,武汉,3k-4k,1-3年,大专,不加班 五险 下午茶 团建
会计,北京睿象科技有限公司,150-500人,2020-12-31 13:43,北京,8k-15k,5-10年,本科,五险一金、定期体检、年终奖、带薪年假
会计,北京茶树与青文化传播有限公司,15-50人,2020-12-31 10:35,北京,5k-7k,1-3年,大专,五险一金，周末双休，带薪年假，节日福利
会计,广东大鼎建设工程有限公司,150-500人,2020-12-31 10:16,广州,4k-6k,1-3年,大专,"社保,公司氛围好,横向发展，固定小零食等"
总账会计,广州糯米糍信息科技有限公司,50-150人,2020-12-30 17:37,广州,6k-9k,3-5年,本科,六险一金 周末双休 定期团建 一年一次晋升
财务会计,北京众盛天宜科技有限公司,150-500人,2020-12-30 15:39,成都,6k-8k,1-3年,大专,五险一金 弹性工作 奖金 上升空间大
会计,北京星空汇影院发展有限公司,150-500人,2020-12-30 10:35,北京,6k-10k,1-3年,大专,发展前景好
会计专员,深圳交控科技有限公司,150-500人,2020-12-30 9:47,深圳,5k-8k,1-3年,本科,弹性工作制 团队年轻 机会多
会计助理,武汉微思敦网络技术有限公司,150-500人,2020-12-30 17:08,武汉,5k-7k,1-3年,本科,丰富下午茶，出国游，周末双休，带薪年假
财务会计,湖南象盒网络科技有限公司,2000人以上,2020-12-30 15:02,长沙,4k-6k,3-5年,大专,公司重点部门，晋升空间大
财务会计,广州岸边网络科技有限公司,50-150人,2020-12-30 17:50,广州,8k-13k,3-5年,本科,五险一金、双休、高成长
会计,抱抱（北京）信息技术有限公司,50-150人,2020-12-30 11:03,北京,6k-8k,1-3年,本科,弹性工作、福利丰厚
会计,深圳市明远精密科技有限公司,少于15人,2020-12-28 10:24,深圳,5k-8k,3-5年,大专,工作轻松，绩效奖金
财务会计,北京众盛天宜科技有限公司,150-500人,2020-12-30 15:39,深圳,8k-11k,1-3年,大专,五险一金 弹性工作 奖金 上升空间大
财务会计,华风象辑（北京）气象科技有限公司,150-500人,2020-12-30 16:22,北京,8k-10k,1-3年,本科,团队实力
财务主管会计,上海麦图信息科技有限公司,15-50人,2021-1-1 16:52,上海,8k-10k,3-5年,大专,带薪年假，扁平管理，员工福利好
会计,上海收钱吧互联网科技有限公司,2000人以上,2020-12-30 18:29,上海,9k-10k,1-3年,本科,平台大 福利好 牛人多
会计,武汉脉博信息技术有限公司,15-50人,2020-12-30 22:59,武汉,4k-5k,3-5年,本科,五险一金，朝九晚五，双休年假，年终奖励
财务会计,上海颜聘企业管理合伙企业（有限合伙）,15-50人,2020-12-30 17:25,上海,6k-8k,1-3年,本科,季度奖金、公司氛围好、定期聚餐、晋升机制完善
会计,西安大圣财务管理有限公司,少于15人,2020-12-30 20:26,西安,4k-6k,1-3年,不限,不加班
财务会计 (MJ000171),杭州今元标矩科技有限公司,500-2000人,2020-12-31 16:39,芜湖,4k-7k,1-3年,大专,扁平化管理；氛围nice；发挥空间大
财务会计,广州有你网络技术有限公司,15-50人,2020-12-28 10:12,广州,4k-7k,1年以下,大专,下午茶 社会保险 月度团建 年度旅游
会计,浙江蓝奥教育科技有限公司,50-150人,2020-12-29 17:17,杭州,6k-10k,5-10年,本科,团队氛围好前景好办公环境好
会计,厦门美柚股份有限公司,500-2000人,2020-12-29 15:04,厦门,6k-12k,3-5年,本科,六险一金，免费班车，发展空间大
会计,西安百达通商业运营管理有限公司,15-50人,2020-12-30 17:24,西安,3k-6k,1-3年,大专,待遇好，轻松
财务会计,杭州风云再起娱乐有限公司,150-500人,2020-12-27 14:46,杭州,4k-6k,不限,大专,团队有活力，晋升空间大
总账会计,北京瓴岳信息技术有限公司,150-500人,2020-12-30 11:08,北京,9k-12k,3-5年,本科,福利待遇佳 氛围轻松 年度旅游
基金会计,珠海钧誉资产管理有限公司,15-50人,2021-1-1 17:52,广州,10k-15k,1-3年,本科,扁平化管理 周末双休 丰厚年终奖
财务会计,深圳虾皮信息科技有限公司,500-2000人,2020-12-30 10:52,深圳,10k-15k,3-5年,本科,外企互联网上市公司，福利好，发展大
会计英文编辑,成都牧思宝贝教育咨询有限公司,50-150人,2021-1-2 14:59,北京,5k-8k,在校/应届,本科,英文翻译
结算会计,车轮互联科技（上海）股份有限公司,150-500人,2020-12-31 19:27,上海,8k-10k,3-5年,本科,氛围佳、福利好、发展空间大
会计,南安英略财务咨询有限公司,少于15人,2020-12-27 10:41,泉州,3k-6k,不限,大专,代账会计
会计,东方智感（浙江）科技股份有限公司,50-150人,2020-12-28 14:12,杭州,6k-8k,3-5年,大专,双休，五险一金，扁平化
会计,中粮地产集团深圳物业管理有限公司杭州分公司,150-500人,2020-12-30 11:41,杭州,4k-6k,在校/应届,本科,央企 前景好 有发展
财务会计,东莞美信企业管理咨询有限公司,2000人以上,2020-12-29 17:08,东莞,4k-6k,1-3年,大专,晋升机制完善，包吃，六险一金，年终奖
总账会计,深圳市珍爱网信息技术有限公司,2000人以上,2020-12-23 14:20,深圳,6k-8k,1-3年,本科,五险一金 弹性工作 下午茶
总账会计,神农智慧农业研究院南京有限公司,少于15人,2020-12-30 10:22,南京,5k-10k,不限,本科,轻松
总账会计,广州小卫科技有限公司,150-500人,2020-12-25 19:35,广州,10k-15k,3-5年,本科,风口行业 前景佳 文化扁平开放
会计,广东登鸿科技发展有限公司,50-150人,2020-12-30 14:20,广州,4k-6k,1-3年,大专,周末双休
会计助理,佛山市德承会计服务有限公司,少于15人,2020-12-30 18:52,佛山,2k-3k,不限,不限,双休高薪、直接上手、不加班
财务会计,陕西信德诺企业管理咨询有限公司,少于15人,2020-12-30 16:21,西安,3k-5k,3-5年,大专,财务公司会计
核算会计 (MJ000059),深圳市超级猩猩健身管理有限公司,150-500人,2020-12-31 15:14,深圳,8k-10k,3-5年,大专,独角兽行业 互联网氛围 免费健身
管理会计,深圳市小亿网络有限公司,150-500人,2020-12-31 15:43,深圳,13k-18k,5-10年,本科,弹性上班，双休，团队氛围好，发展前景好
会计,深圳市法本信息技术股份有限公司,2000人以上,2020-12-29 9:16,深圳,6k-8k,1-3年,本科,公司平台好，发展前景大
会计,广东路卡服装集团有限公司,2000人以上,2020-12-30 12:24,广州,3k-5k,在校/应届,不限,中国奢侈服饰品牌标杆企业，发展平台大
会计,北京南海中天科技有限公司,50-150人,2020-12-29 11:02,东莞,4k-6k,1-3年,大专,扁平化管理、晋升空间大
合并报表会计主管,深圳市小亿网络有限公司,150-500人,2020-12-31 15:30,深圳,13k-18k,5-10年,大专,弹性上班，双休，团队氛围好，发展前景好
初级会计,深圳市乐易网络股份有限公司,150-500人,2020-12-31 8:57,深圳,6k-10k,1-3年,本科,年终奖/发展前景好/出国游
会计,星辰天合（北京）数据科技有限公司,150-500人,2020-12-29 19:16,北京,20k-30k,5-10年,本科,晋升空间
财务会计,广州有你网络技术有限公司,15-50人,2020-12-28 10:12,广州,4k-7k,1年以下,大专,下午茶 社会保险 月度团建 年度旅游
会计,久泰现代农业有限公司,150-500人,2020-12-30 9:23,阿克苏,5k-6k,3-5年,大专,发展前景、学习机会
会计,杭州衣爱诚品服饰有限公司,150-500人,2020-12-30 9:50,杭州,5k-6k,1-3年,本科,发展前景好，有发展空间；团队氛围好
财务会计,一窗（北京）互联网科技研究院,15-50人,2020-12-30 9:49,北京,8k-10k,3-5年,本科,扁平化
总账会计,上海商米科技集团股份有限公司,500-2000人,2020-12-29 14:30,上海,12k-23k,5-10年,本科,扁平化管理、年假病假、社保公积金、周末双休
会计岗SZ463,平安利顺国际货币经纪有限责任公司,150-500人,2020-12-31 9:07,深圳,8k-16k,3-5年,本科,"专业培训,福利待遇好,管理规范,发展空间"
总账会计Accountant,软视视频软件（杭州）有限公司,500-2000人,2020-12-31 15:03,杭州,8k-15k,1-3年,本科,"六险一金,出国培训,年终奖金,股票期权"
资金会计,丰疆智能（深圳）有限公司,150-500人,2020-12-31 9:58,深圳,7k-10k,1-3年,本科,周末双休
总账会计,珠海市小源科技有限公司,150-500人,2020-12-28 14:41,珠海,5k-8k,3-5年,大专,五险一金、周末双休、节日福利、带薪年假
会计,雅利安（三亚）旅游投资有限公司,150-500人,2020-12-29 9:19,三亚,5k-7k,不限,大专,春光集团直聘
总账会计,上海银科创展投资集团有限公司,2000人以上,2020-10-22 14:19,上海,8k-12k,3-5年,本科,集团总部职位，发展空间大；公司福利好
总账会计,合发电子商务有限公司,50-150人,2020-12-21 18:50,上海,8k-13k,3-5年,本科,年终奖金 工作补贴
会计主管,深圳微米信息服务有限公司,50-150人,2020-12-31 10:01,深圳,9k-13k,3-5年,本科,晋升空间大 牛人聚集地 期权股权
应付会计,上海依图信息技术有限公司,150-500人,2020-12-31 9:32,上海,8k-13k,1-3年,本科,人工智能 领导好 空间大 福利好
财务会计,深圳闲猫互动网络科技有限公司,50-150人,2020-12-29 9:15,深圳,6k-8k,1-3年,大专,下午茶 零食 试用期购买五险一金
会计主管,北京睿象科技有限公司,150-500人,2020-12-31 11:01,北京,10k-15k,5-10年,本科,五险一金 带薪年假 福利年假
总账会计,青网科技控股有限公司,50-150人,2020-12-29 13:33,合肥,5k-10k,3-5年,本科,集团背书、五险一金、游学旅游、生日节日福利
财务会计,北京立米未来教育科技有限公司,150-500人,2020-12-29 17:36,北京,6k-8k,3-5年,本科,.
会计,上海寻梦信息技术有限公司,2000人以上,2020-12-14 14:02,上海,7k-12k,3-5年,本科,平台大，发展前景好
财务会计,中追（北京）科技有限公司,50-150人,2020-12-29 12:20,北京,8k-12k,5-10年,大专,团队融洽 大牛团队 每年升职加薪
成本会计（高级）,深圳市晨北科技有限公司,500-2000人,2020-12-31 9:08,深圳,10k-15k,3-5年,本科,餐补、交通补贴、话费补贴
总账会计,杭州兑吧网络科技有限公司,500-2000人,2020-12-29 11:56,杭州,10k-15k,5-10年,本科,港股上市工资；年终丰厚；提供中餐；
总账会计,上海保携管理咨询有限公司,50-150人,2020-12-28 17:24,上海,5k-10k,不限,不限,福利待遇好
会计,广州千粤税务师事务所有限公司,15-50人,2020-12-25 10:39,广州,3k-6k,1-3年,本科,高晋升
会计助理,北京西雅克商贸有限责任公司,15-50人,2020-9-22 12:35,北京,5k-8k,3-5年,大专,五险一金，月工资加年终奖.。
财务会计,广州有你网络技术有限公司,15-50人,2020-12-28 10:12,广州,4k-7k,1年以下,大专,下午茶 社会保险 月度团建 年度旅游
财务会计,上海普石信息科技有限公司,少于15人,2020-12-14 18:53,上海,5k-8k,不限,大专,福利齐全，无加班
会计,成都轻备教育科技有限公司,50-150人,2020-12-23 9:18,成都,4k-6k,3-5年,大专,大牛带队 发展空间大
财务会计,广东亿迅科技有限公司,2000人以上,2020-12-28 15:05,广州,6k-8k,1-3年,本科,五险一金 双休 国企
会计,格格医疗科技（上海）有限公司,15-50人,2020-8-10 14:01,杭州,5k-8k,1-3年,本科,发展前景好、福利待遇佳
会计,深圳市永恒信建筑劳务分包有限公司,50-150人,2020-12-29 19:15,深圳,6k-8k,3-5年,大专,会计
总账会计,众安在线财产保险股份有限公司,2000人以上,2020-12-29 10:11,上海,10k-20k,3-5年,本科,团队实力，发展前景
会计主管(J10540),北京读我科技有限公司,2000人以上,2020-12-31 11:29,北京,15k-20k,3-5年,不限,餐补房补，发展空间大，地铁周边
会计,深圳市锦顺源物业管理有限公司,50-150人,2020-12-25 9:18,深圳,8k-9k,3-5年,大专,发展前景好
应付会计(J11803),朗新科技集团股份有限公司,2000人以上,2020-12-31 9:42,无锡,4k-6k,在校/应届,本科,大平台，福利待遇好，朝九晚六，周末双休
财务会计,深圳必闻文化发展有限公司,15-50人,2020-12-14 9:34,深圳,4k-8k,1-3年,大专,"发展空间大,绩效奖金多"
会计,中晟国亚财税顾问（北京）有限公司,50-150人,2020-12-29 9:30,北京,4k-8k,1-3年,大专,周末双休 节假日休息 带薪年假
财务人员/会计,湖北振华化学股份有限公司,500-2000人,2020-12-31 17:20,黄石,4k-8k,5-10年,本科,五险一金、工作餐、通勤车、***员可申请住宿
会计助理,湖北神州顺利办科技有限公司,150-500人,2020-12-29 14:19,武汉,3k-6k,1年以下,大专,专业是会计的灵魂
会计,陕西宏存财务管理咨询有限公司,15-50人,2020-8-31 7:26,西安,5k-8k,不限,本科,周末双休，氛围好
总账会计,上海莉莉丝科技股份有限公司,500-2000人,2020-12-28 17:13,上海,8k-15k,3-5年,本科,"弹性工作,工作氛围好"
财务会计,德徕美（广州）国际医疗管理有限公司,50-150人,2020-12-18 12:01,广州,4k-6k,1-3年,大专,公司待遇与能力成正比，只要你有能力即可！
会计,北京宏启瑞商贸有限公司,少于15人,2020-12-9 15:54,北京,6k-8k,1-3年,本科,期待专业的你加入
会计,北京紫荆城会计有限公司,15-50人,2020-12-28 23:18,北京,5k-7k,1-3年,不限,双休 五险
应付会计(J11803),朗新科技集团股份有限公司,2000人以上,2020-12-31 9:42,无锡,4k-6k,在校/应届,本科,上市公司 福利待遇好
会计,中科天环环境工程（北京）有限公司,15-50人,2020-12-29 15:22,北京,4k-6k,1-3年,大专,环境工程，环保行业，污水处理
成本会计,广州今美伦商贸有限公司,150-500人,2021-1-1 3:00,广州,5k-7k,1-3年,大专,会计
会计助理,中国平安人寿保险股份有限公司成都电话销售中心,2000人以上,2020-12-12 17:54,成都,4k-6k,不限,大专,周末双休
会计,盐边天集中药材有限公司,15-50人,2020-12-29 17:35,攀枝花,3k-4k,不限,不限,大家一起成长
会计,四川当代鑫房地产营销策划有限公司,少于15人,2020-12-29 10:36,成都,4k-5k,1-3年,本科,早九晚六 双休 五险一金
财务会计,北京国润信昌网络科技有限公司,15-50人,2020-12-23 11:27,北京,7k-14k,1-3年,本科,年底多薪，五险一金，周末双休，节假日带薪
会计,浙江蓝奥教育科技有限公司,50-150人,2020-12-29 15:06,杭州,7k-12k,3-5年,本科,500平现代化办公环境
会计,陕西顿斯制药有限公司,50-150人,2020-12-29 9:18,西安,4k-6k,3-5年,本科,年底双薪、交通补助、带薪年假、节日福利
会计助理,河北东方大鹏彩钢压型板有限公司,50-150人,2020-11-21 8:39,北京,3k-6k,不限,大专,员工氛围融洽，提供住宿，老会计带
会计助理,广州纯简网络科技有限公司,150-500人,2020-12-29 13:46,广州,3k-4k,1年以下,大专,晋升空间大，带薪年假，专业培训
会计助理,深圳市速加科技有限公司,15-50人,2020-12-29 17:48,深圳,5k-6k,1-3年,大专,公司前景 团队成员
出纳（会计）,北京凌云雀科技有限公司,150-500人,2020-12-30 10:31,北京,6k-8k,3-5年,本科,"云计算,国际化团队,股票期权"
总账会计,北京快乐茄信息技术有限公司,150-500人,2020-12-28 14:47,北京,15k-28k,3-5年,本科,出海领军公司
会计,杭州来兴元品投资管理合伙企业（有限合伙）,少于15人,2020-12-18 15:36,杭州,8k-10k,在校/应届,本科,收入高；成长快；晋升快
主办会计,成都市文景智旅网络科技有限公司,150-500人,2020-12-31 17:54,成都,8k-9k,3-5年,本科,五险一金 周末双休 职业发展
财务会计,广州有你网络技术有限公司,15-50人,2020-12-28 10:12,广州,4k-7k,1年以下,大专,下午茶 社会保险 月度团建 年度旅游
财务会计,广东蓝极熊环保科技有限公司,少于15人,2020-12-21 10:44,广州,4k-5k,不限,大专,氛围nice
（校招）财务/会计助理 (MJ000307),百融云创科技股份有限公司,500-2000人,2020-12-31 10:45,北京,8k-15k,在校/应届,本科,成长空间
全盘会计,深圳市有传科技有限公司,150-500人,2020-12-31 18:33,深圳,13k-23k,3-5年,本科,高成长、团队氛围佳
会计助理,天津市武清区朋朋化妆品店,少于15人,2020-12-18 9:54,天津,3k-6k,在校/应届,不限,福利待遇好，晋升空间大
会计,广西天灿会计服务有限公司百色分公司,150-500人,2020-12-29 10:58,百色,3k-6k,1-3年,大专,加入我们吧
会计助理/初级会计,深圳市易流科技股份有限公司,500-2000人,2020-12-31 17:20,深圳,5k-8k,1年以下,本科,独角兽企业、晋升机制透明
助理岗（会计+商务）,中科软科技股份有限公司,2000人以上,2020-12-31 15:07,北京,6k-8k,1-3年,本科,工作环境稳定
会计助理,金账本会计（深圳）有限公司,50-150人,2020-12-28 14:45,惠州,4k-6k,1年以下,本科,上升空间大，福利待遇好
财务会计（上市公司）,九一金融信息服务（北京）有限公司,150-500人,2020-12-30 18:40,北京,8k-12k,3-5年,本科,五险一金 上市公司 饭补
财务会计,深圳市金善乙服装有限公司,15-50人,2020-11-24 11:09,深圳,6k-7k,3-5年,不限,不加班、早九晚六、年终奖金、中餐补助有食堂
出纳/会计,北京鱼爪网络科技有限公司成都分公司,2000人以上,2020-12-31 20:40,成都,3k-6k,1-3年,本科,晋升空间、团队
会计,苏州弘正汽车科技有限公司,50-150人,2020-12-16 21:20,苏州,4k-5k,在校/应届,不限,详情面试了解，汽车内饰方面
会计,北京励合天地文化传播有限公司,15-50人,2020-12-28 16:47,北京,6k-8k,不限,大专,公司项目IP多、晋升空间大、人际关系好
会计,东莞市携手物流科技有限公司,50-150人,2020-12-28 11:07,东莞,6k-12k,3-5年,本科,"发挥空间大,成长,成就"
财务会计,成都北纬航信网络科技有限责任公司,15-50人,2020-12-16 14:21,成都,6k-9k,5-10年,本科,13薪、周末双休、全额公积金
总账会计,上海商米科技集团股份有限公司,500-2000人,2020-12-28 11:15,上海,10k-20k,3-5年,本科,大公司
会计,广东力达实业集团有限公司,50-150人,2020-12-28 15:43,广州,5k-8k,5-10年,本科,五险一金，双休，国家法定节假日，工作环境轻松
财务会计,佛山市光宗珠宝有限公司,15-50人,2020-10-27 15:55,佛山,4k-5k,1-3年,大专,社保、包吃、休闲旅游、不定时下午茶
费用会计,广州富米科技有限公司,500-2000人,2020-12-30 21:12,广州,7k-10k,3-5年,大专,五险一金、期权、垂直领域**
会计专员,迪阿股份有限公司,2000人以上,2020-12-28 10:09,深圳,5k-8k,1-3年,本科,五险一金，福利完善
会计助理,金账本会计（深圳）有限公司,50-150人,2020-12-28 14:45,东莞,4k-6k,1年以下,大专,上升空间大，福利待遇好
资深会计,上海别样秀数据科技有限公司,150-500人,2020-12-30 14:51,上海,12k-18k,5-10年,本科,跨境，电商，外企，美式管理，氛围佳，发展稳定
总账会计,广州中工水务信息科技有限公司,50-150人,2020-12-25 14:06,广州,6k-8k,3-5年,大专,五险一金、周末双休、双薪
会计,上海阿牛信息科技有限公司,150-500人,2020-12-25 9:35,上海,6k-10k,1年以下,本科,弹性工作时间
会计助理,武汉波立信企业管理咨询有限公司,少于15人,2020-9-11 22:24,武汉,2k-4k,不限,大专,专业、专注！
应届毕业生/管理会计,北京融智天管理软件有限公司,50-150人,2020-12-31 17:48,北京,6k-8k,不限,本科,公司扁平化管理，晋升快，奖金高
实习会计,郑州领英教育信息服务有限公司第一分公司,15-50人,2020-12-31 8:50,郑州,3k-5k,不限,不限,提供住宿
会计,东莞阿亮商贸有限公司,15-50人,2020-12-28 22:35,东莞,5k-8k,1-3年,不限,招牌合作伙伴
会计,湖南八斗金企业管理咨询有限公司,15-50人,2020-12-30 10:22,长沙,4k-5k,1-3年,本科,靠近地铁站，交通方便
会计,北京阳光天女信息科技有限公司,50-150人,2020-12-28 14:38,北京,7k-10k,5-10年,本科,"带薪年假,五险一金,补充医疗"
会计,安徽安联诚通运输有限公司,少于15人,2020-7-19 13:25,郑州,3k-5k,不限,不限,小公司，人性化管理，工作舒心
会计,沈阳嗨趣文化传媒有限公司,15-50人,2020-12-15 16:49,沈阳,4k-5k,1-3年,本科,你离成功只差一个我们
会计核算专员,北京凌宇智控科技有限公司,50-150人,2020-12-31 16:46,杭州,6k-10k,3-5年,本科,发展空间大、弹性工作、津贴补助、六险一金
会计负责人,上海竞心承峰传媒有限公司,150-500人,2020-12-30 15:41,上海,10k-15k,5-10年,本科,头部电子竞技俱乐部
会计助理,上海腾华软件技术有限公司,150-500人,2020-12-28 9:46,上海,5k-6k,在校/应届,本科,五险一金 商业保险 餐补
会计,杭州良益农业开发有限公司,15-50人,2020-12-24 9:52,杭州,5k-8k,5-10年,大专,扁平化管理，职位有晋升空间
全盘会计,深圳聿旌科技有限公司,50-150人,2020-12-31 16:12,深圳,6k-9k,3-5年,本科,年终奖金，年度调薪
结算会计,深圳市君仁科技发展有限公司,50-150人,2020-12-31 16:28,深圳,6k-8k,3-5年,本科,只要你有梦想，我们就给你一个飞舞的平台。
应付会计,钛马信息网络技术有限公司,150-500人,2020-12-31 16:33,上海,6k-12k,3-5年,本科,车联网
成本会计,上海欢动科技有限公司,50-150人,2020-12-31 18:27,上海,7k-9k,3-5年,大专,带薪休假 项目分红 上班撸猫
会计,正信万维（北京）科技有限公司,50-150人,2020-12-28 18:31,北京,8k-10k,3-5年,大专,"五险一金,周末双休,年终奖,独立办公室"
会计,湖南天合众创创业服务有限公司,50-150人,2020-12-28 9:16,长沙,3k-5k,在校/应届,大专,学习型组织；晋升空间；
财务会计,惠州丹轩顾问有限公司,15-50人,2020-12-28 16:02,惠州,4k-5k,1-3年,大专,有活力，多平台知识学习，税筹知识学习
管理会计,金蝶软件（中国）有限公司深圳分公司,2000人以上,2020-12-31 15:38,深圳,6k-8k,不限,本科,ERP龙头企业，互联网顶端平台，年轻的团队伙伴
总账会计（深圳公司）,广州洋葱时尚集团有限公司,500-2000人,2020-12-31 15:46,广州,5k-7k,3-5年,大专,"千万级用户,发展空间大,行业独角兽"
总账会计,广州市博君商贸有限公司,50-150人,2020-12-28 9:23,广州,6k-7k,3-5年,大专,年假、五险一金
会计,研祥智能科技股份有限公司,2000人以上,2020-12-24 17:56,深圳,6k-9k,3-5年,大专,上市公司 免费自助餐
会计,深圳市金田多科技发展有限公司,15-50人,2020-12-28 21:38,深圳,5k-6k,3-5年,本科,全盘处理
结算会计,浙江大有健康产业有限公司,50-150人,2020-12-31 17:31,杭州,6k-9k,1-3年,大专,成长速度快
应付会计专员,深圳市万普拉斯科技有限公司,500-2000人,2020-12-30 11:06,深圳,13k-25k,3-5年,本科,六险一金；海景office；融洽的团队
核算会计,广州多益网络股份有限公司,500-2000人,2020-12-31 16:15,广州,6k-12k,不限,不限,互联网百强
税务会计,广州多益网络股份有限公司,500-2000人,2020-12-31 16:15,广州,6k-12k,不限,不限,互联网百强
财务会计,广州有你网络技术有限公司,15-50人,2020-12-28 10:12,广州,4k-7k,1年以下,大专,下午茶 社会保险 月度团建 年度旅游
Authing 总账会计,北京蒸汽记忆科技有限公司,15-50人,2020-12-30 19:07,北京,9k-15k,1-3年,本科,15薪 入职五险一金 团队氛围活跃 快速成长
财务会计,北京九言科技有限公司,少于15人,2020-12-21 16:53,北京,6k-12k,不限,本科,发展强力强，大牛带队，团队关系融洽
财务会计（电商行业）,杭州折跃文化有限公司,15-50人,2020-12-31 18:22,北京,7k-9k,1-3年,大专,五险一金，带薪年假
会计专员（南沙）,广州淦源智能科技有限公司,150-500人,2020-12-31 14:34,广州,4k-6k,3-5年,大专,发展空间大
会计经理,广州集时信息科技有限公司,150-500人,2020-12-31 10:11,广州,10k-20k,5-10年,大专,六险一金 年终奖 周末双休
会计专员,武汉明源云科技有限公司,2000人以上,2020-12-22 9:32,武汉,5k-8k,不限,大专,平台大氛围赞，福利好/六险一金
会计助理,湖北税联教育科技有限公司,15-50人,2020-12-29 14:33,武汉,2k-3k,不限,不限,团队实力雄厚
会计,武汉爱途国际文化交流有限公司,15-50人,2020-12-1 11:00,武汉,4k-8k,3-5年,本科,国家政策发展方向 市场巨大
软件开发工程师（账务及会计业务方向）,上海农村商业银行股份有限公司,500-2000人,2020-12-31 9:31,上海,20k-25k,3-5年,本科,发展前景好，福利待遇好
会计,安顺迅游网络科技有限公司,50-150人,2020-12-25 8:52,杭州,6k-8k,1-3年,本科,游戏行业、双休、发展空间大
会计,武汉万江龙网络有限公司,50-150人,2020-12-28 12:09,武汉,5k-7k,1-3年,本科,"五险一金,带薪年假,行业前景佳"
会计,西安因诺航空科技有限公司,50-150人,2020-12-22 13:58,西安,6k-8k,3-5年,本科,五险一金、股权激励、带薪年休假
财务会计（电商）,深圳市朝夕科技有限公司,15-50人,2020-12-31 13:30,深圳,6k-10k,1-3年,大专,周末双休五险一金节日福利带薪年假定期体检
初级会计,北京掌引医疗科技有限公司,15-50人,2020-12-31 13:12,北京,5k-7k,1-3年,大专,工作轻松
核算会计,北京中电博亚科技有限公司,50-150人,2020-12-31 18:20,北京,15k-20k,5-10年,本科,带薪年假 扁平化管理 体检旅游 五险一金
会计,合发电子商务有限公司,50-150人,2020-12-23 18:02,上海,6k-10k,3-5年,本科,公司环境好 氛围好
费用会计,上海亚朵商业管理（集团）股份有限公司,2000人以上,2020-12-31 11:37,上海,5k-7k,不限,本科,管理规范 发展前景好 扁平化管理 福利好
会计主管,浙江齐聚科技有限公司北京分公司,150-500人,2020-12-31 17:49,北京,10k-15k,3-5年,本科,"五险一金,餐补年终奖,弹性工作"
总账会计（B2B）,上海亚朵商业管理（集团）股份有限公司,2000人以上,2020-12-31 11:37,上海,6k-8k,1-3年,本科,扁平化管理；良好的职位晋升通道
财务会计,信阳恒兴茶饮品有限公司,500-2000人,2020-12-18 15:45,保定,5k-8k,不限,大专,晋升空间大 专业培训
会计,陕西华昌生物工程有限公司,15-50人,2020-12-28 14:19,西安,3k-4k,3-5年,本科,环境好，人员相处融洽
成本会计,广州中长康达信息技术有限公司,150-500人,2020-12-31 15:05,广州,5k-6k,1-3年,本科,六险一金 年终奖金 带薪年假 免费班车
总账会计主管,北京密境和风科技有限公司,150-500人,2020-12-31 17:39,北京,20k-25k,5-10年,本科,团队稳定 五险一金 福利团建 领导nice
总账会计,深圳市泛海统联精密制造股份有限公司,500-2000人,2020-10-8 14:33,深圳,9k-12k,不限,大专,上升空间大
跨级电商会计,成都纽仕达网络科技有限公司,15-50人,2020-12-31 17:45,泉州,4k-8k,1-3年,大专,晋升空间大
费用会计,深圳市华宇讯科技有限公司,500-2000人,2020-12-31 10:13,深圳,6k-8k,1-3年,本科,团队氛围融洽
代账会计,北京闪猫科技有限公司,15-50人,2020-12-30 7:22,北京,5k-10k,1-3年,大专,"老司机带,有挑战,期权,扁平化管理"
收入成本会计,北京格灵深瞳信息技术有限公司,150-500人,2020-12-31 16:22,北京,10k-18k,5-10年,本科,六险一金 年终奖 双休
外汇会计,深圳市华旅云创科技有限公司,50-150人,2020-12-31 10:27,深圳,6k-9k,1-3年,大专,晋升空间足
收入会计（总账会计方向）,北京鼎普科技股份有限公司,150-500人,2020-12-31 16:31,北京,13k-16k,3-5年,本科,五险一金、餐补交通补贴、周末双休等
财务会计,深圳万顺叫车云信息技术有限公司广州分公司,150-500人,2020-12-20 13:00,广州,4k-6k,3-5年,不限,晋升空间大
税务会计,优车库网络科技发展（深圳）有限公司,500-2000人,2020-12-31 10:26,深圳,6k-8k,1-3年,大专,发展前景、环境优美、团队氛围好
财务会计,北京石头世纪科技股份有限公司,500-2000人,2020-12-18 16:26,深圳,6k-10k,1-3年,本科,上市企业，行业前景好，互联网团队氛围，福利好
会计,浙江河之洲日用品贸易有限公司,少于15人,2020-12-8 13:38,杭州,5k-7k,5-10年,本科,财务会计
应收会计,北京对啊网教育科技有限公司,500-2000人,2020-12-31 9:13,北京,6k-9k,1-3年,本科,六险一金、弹性工作、年轻化团队
会计专员,深圳市理然化妆品有限公司,15-50人,2020-12-7 14:46,深圳,6k-9k,1年以下,大专,五险一金、有经验的导师
费用会计,深圳市前海亿车科技有限公司,150-500人,2020-12-31 8:19,深圳,6k-8k,1-3年,本科,周末双休 NICE导师 带薪年休假
会计管理专员,美的集团财务有限公司,150-500人,2020-12-31 10:18,佛山,7k-12k,1年以下,本科,专业培训；绩效奖金
会计专员（校招方向）,广州集时信息科技有限公司,150-500人,2020-12-31 10:11,广州,5k-7k,在校/应届,不限,六险一金 年终奖 周末双休
会计助理,深圳市田田家园家具有限公司,500-2000人,2020-12-22 9:21,深圳,4k-6k,不限,本科,财务大牛团队 包吃住 下午茶 大小周
应收会计,北京木瓜移动科技股份有限公司,150-500人,2020-12-31 13:40,北京,8k-10k,不限,本科,五险一金，专业团队，带薪年假，年底双薪
会计,广州金十信息科技有限公司,150-500人,2020-12-17 16:08,广州,4k-6k,1-3年,本科,年终奖 周末双休 带薪年假 五险一金
会计,中国平安人寿保险股份有限公司成都电话销售中心,2000人以上,2020-10-13 18:59,成都,4k-7k,不限,大专,周末双休节假日正常休假
会计应届生,上海轩宝企业发展有限公司,少于15人,2020-12-30 15:10,上海,4k-6k,在校/应届,本科,会计
财务总账会计,北京萌宝教育科技有限公司,150-500人,2020-12-31 10:09,上海,7k-14k,3-5年,本科,弹性办公，补充医疗保险，下午茶，团建活动
贸易会计（安亭 福利好）,上海迪塔班克数据科技有限公司,50-150人,2020-12-31 11:48,上海,7k-10k,1-3年,本科,团队成员来自大厂
财务会计,广州有你网络技术有限公司,15-50人,2020-12-28 10:12,广州,4k-7k,1年以下,大专,下午茶 社会保险 月度团建 年度旅游
会计辅导老师（双休 六险一金）,北京百家互联科技有限公司,2000人以上,2020-12-29 16:15,南京,8k-15k,不限,本科,扁平化管理 带薪年假 高薪
主帐会计（必须有cpa或中级职称）,上海睿民互联网科技有限公司,500-2000人,2020-12-31 14:55,上海,10k-15k,5-10年,大专,做五休二
会计主管（互联网）,深圳市富连网物联网智能家居有限公司,2000人以上,2020-12-31 14:53,深圳,12k-24k,3-5年,大专,500强 发展前景好 大平台 福利好 氛围好
财务总账会计,北京萌宝教育科技有限公司,150-500人,2020-12-31 10:09,上海,7k-14k,不限,本科,弹性办公，补充医疗保险，下午茶，团建活动
税务会计,北京猿力未来科技有限公司,2000人以上,2020-12-30 18:35,北京,8k-15k,不限,本科,六险一金、试用期全额、出国游、带薪休假
会计实操讲师,南昌同凯网络信息服务有限公司,150-500人,2020-12-31 13:34,北京,8k-16k,1-3年,本科,五险一金、年终奖金、三节福利
会计,武汉臻龙财务管理有限公司,150-500人,2020-12-25 17:20,武汉,4k-8k,不限,大专,人性化管理、晋升空间大
会计,广州市一网购投资有限公司,15-50人,2020-12-26 15:07,广州,5k-8k,3-5年,大专,带薪年假 绩效奖 全勤奖 通讯补贴 交通补贴
会计,成都金晨数通科技有限公司,15-50人,2020-12-24 17:05,成都,4k-8k,3-5年,大专,行业稳健 团队靠谱
财务会计,四川怡和祥烧坊酒业有限公司,15-50人,2020-12-26 8:55,成都,5k-7k,3-5年,本科,团队关系融洽，生日福利，行业发展前景好
全盘会计,深圳市迷你玩科技有限公司,150-500人,2020-12-31 15:28,深圳,10k-20k,5-10年,本科,领导好，年终奖，下午茶，扁平化管理
主办会计,上海艾麒信息科技股份有限公司,150-500人,2020-12-31 12:58,上海,15k-20k,5-10年,本科,带薪假、调薪、年终奖、旅游、保险、弹性工作
核算会计,深圳市梦网科技发展有限公司,500-2000人,2020-12-31 8:37,深圳,7k-9k,1-3年,本科,五险一金 上市公司 免费班车 绩效奖金
人事经理/会计/出纳/人事行政助理,深圳市前海硕极科技有限公司,50-150人,2020-12-31 16:44,深圳,6k-12k,在校/应届,大专,周末双休，五险一金
财务会计,特抱抱科技（杭州）有限公司,50-150人,2020-12-23 16:43,杭州,7k-14k,5-10年,本科,五险一金，大小周，定期体检，年度旅游
会计,广州珈智信息技术有限责任公司,150-500人,2020-12-6 9:17,广州,6k-7k,1-3年,本科,六险一金
财务会计,上海智襄网络科技有限公司,少于15人,2020-11-9 23:12,上海,5k-8k,不限,大专,老板nice 工作简单 福利待遇超级好
会计助理,陕西冠晨生物科技有限公司,150-500人,2020-12-25 9:06,北京,4k-6k,在校/应届,大专,双休
会计,揭阳市丰发农产品有限公司,少于15人,2020-12-18 9:22,揭阳,3k-6k,不限,大专,人性化管理
电商会计,揭阳市聚力共赢贸易有限公司,50-150人,2020-12-30 14:30,揭阳,4k-6k,1-3年,大专,晋升空间
会计,东莞市昆和鞋材化工贸易有限公司,15-50人,2020-8-2 0:30,东莞,4k-8k,3-5年,本科,有很好的发展前景，在越南，缅甸均由设厂
国际会计-合并报表方向,广州虎牙科技有限公司,2000人以上,2020-12-31 11:08,广州,15k-30k,3-5年,本科,平台大
海外费用会计,北京首都在线科技股份有限公司,150-500人,2020-12-31 11:06,北京,8k-12k,1-3年,本科,上市公司
会计主管,北京多来点信息技术有限公司,500-2000人,2020-12-29 9:42,北京,8k-10k,5-10年,本科,团队合作
总账会计,北京和谐长治园林工程有限公司,50-150人,2020-12-25 9:07,北京,6k-8k,1-3年,本科,稳定
亚马逊财务/电商会计/跨境会计,深圳市天雅纸业制品有限公司,50-150人,2020-12-30 9:47,深圳,6k-10k,1-3年,本科,活力团队 晋升空间大 包吃包住
财务会计,深圳瑞银信信息技术有限公司,2000人以上,2020-10-26 9:30,北京,6k-8k,不限,本科,"五险一金,年终奖,餐补,节日福利"
财务会计,北京艾普数智科技有限公司,15-50人,2020-12-22 19:12,北京,5k-10k,3-5年,大专,产业互联网创业团队，实现自我最大价值！
财务会计,广州富勤信息科技有限公司,15-50人,2020-12-27 10:54,广州,4k-5k,3-5年,大专,旅游新行业市场潜力大
总账会计,深圳艾美一族电子商务有限公司,50-150人,2020-12-8 9:45,深圳,6k-8k,3-5年,本科,五险一金、免费通勤车、晋升空间大
成本会计师,上海脉策数据科技有限公司,150-500人,2020-12-31 10:03,上海,10k-15k,3-5年,本科,"弹性工作,公司前景好"
成本会计(建筑),珠海市艺班园林生态工程有限公司,15-50人,2020-12-31 14:56,上海,6k-12k,3-5年,大专,待遇优厚，下午茶，小长假，节假日礼品红包
AP会计 （成本费用方向） (MJ006218),小船出海教育科技（北京）有限公司,2000人以上,2020-12-31 10:47,北京,10k-20k,3-5年,本科,七险一金 免费三餐 十四薪
会计助理,信阳恒兴茶饮品有限公司,500-2000人,2020-12-18 15:45,保定,3k-4k,在校/应届,大专,晋升空间大 专业培训
财务会计,上海谦问万答吧云计算科技有限公司,2000人以上,2020-12-21 17:02,上海,7k-8k,1-3年,本科,发展空间大 公司规模大 年度旅游 季度团建
会计助理,天津市武清区焕发化妆品店,少于15人,2020-12-25 14:19,天津,3k-6k,在校/应届,大专,公司定期组织团建旅游员工聚餐
资深会计,上海善藏文化传播有限公司,15-50人,2020-12-31 13:59,上海,6k-8k,3-5年,大专,"福利多,老板好,下午茶丰富"
会计,新拍档餐饮管理服务（杭州）有限公司,50-150人,2020-9-16 12:44,杭州,6k-9k,3-5年,大专,团队气氛好，发展空间大
财务会计,深圳市微回收科技有限公司,15-50人,2020-11-22 21:41,深圳,8k-15k,1-3年,本科,有独角兽潜力的二手电商平台
境外会计(reporting manager),深圳市易讯天空网络技术有限公司,150-500人,2020-12-31 10:19,深圳,20k-30k,5-10年,本科,上市公司、扁平化管理
会计,深圳金融科技研究院(中国人民银行金融科技研究院),150-500人,2020-12-17 17:51,深圳,30k-60k,5-10年,本科,前景好，福利好
会计,深圳前海东元投资有限公司,500-2000人,2020-12-26 9:32,深圳,8k-12k,3-5年,大专,发展平台 学习成长空间
会计,南京创普客商业管理有限公司,150-500人,2020-12-2 3:00,上海,6k-8k,1-3年,大专,交通便利 发展空间 做五休二 带薪年假
总账会计,广州微革网络科技有限公司,500-2000人,2020-11-19 19:50,广州,8k-12k,3-5年,本科,电商、发展前景、行业大牛
总账会计,广州水熊科技有限公司,150-500人,2020-12-14 18:15,广州,8k-10k,3-5年,本科,发展空间大 五险一金 带薪年假 周末双休
出纳会计,上海朴道水汇环保科技股份有限公司,50-150人,2020-12-29 15:09,上海,6k-8k,3-5年,本科,正规交金，免费班车，轮岗学习
初级会计老师,北京对啊网教育科技有限公司,500-2000人,2020-12-31 9:13,北京,15k-30k,不限,本科,六险一金、弹性工作、年轻化团队
会计,深圳极联信息技术开发有限公司,50-150人,2020-11-7 17:42,深圳,4k-8k,在校/应届,本科,申报/纳税
会计,广州触电游戏科技有限公司,15-50人,2020-8-28 10:50,广州,5k-7k,1-3年,不限,五险一金 、节假日福利、大小周
会计,广州广彩标签有限公司,50-150人,2020-12-22 11:26,广州,5k-8k,1-3年,大专,免费中晚工作餐、包住、高温补贴、全勤奖等
会计,成都汇商天下代理记账有限公司彭州分公司,15-50人,2020-12-14 10:39,成都,4k-8k,不限,不限,周末双休 晋升空间大
Authing 总账会计,北京蒸汽记忆科技有限公司,15-50人,2020-12-31 10:44,北京,15k-30k,1-3年,本科,15薪 入职五险一金 团队氛围活跃 快速成长
会计,深圳市享往科技有限公司,50-150人,2020-12-22 10:37,深圳,6k-8k,1-3年,大专,年轻人，带薪年假，团建，旅游
财务会计,北京融易通捷航信息技术有限公司,50-150人,2020-12-25 17:11,北京,6k-7k,3-5年,本科,五险一金，加班补贴，交通便利
会计,上海鹤骑鹰投资管理有限公司,15-50人,2020-7-29 3:00,上海,5k-6k,不限,本科,领导同事nice，茶歇，餐贴，休息日多
应收会计,深圳市科列技术股份有限公司,150-500人,2020-12-31 13:20,深圳,6k-9k,1-3年,本科,上市公司，新能源汽车，BMS领军企业，福利齐全
财务会计,北京慧联科技有限公司,少于15人,2020-12-24 12:08,北京,4k-8k,不限,本科,五险一金
会计,武汉市可待科技有限公司,15-50人,2020-12-8 16:52,武汉,4k-7k,1-3年,本科,免费零食，丰厚的项目奖金，轻松的工作氛围
会计助理,北京宏企咨询管理有限公司,少于15人,2020-12-17 13:46,北京,4k-8k,不限,不限,能力提升快
会计,正德天佑投资（深圳）有限公司,15-50人,2020-12-25 10:02,深圳,6k-9k,1-3年,大专,领导和同事都很好相处
工业会计,河北匠智机械设备有限公司,150-500人,2020-12-31 10:22,石家庄,6k-8k,3-5年,本科,注册会计师，注册税务师，审计
会计助理,纵盟企业管理（上海）有限公司,50-150人,2020-12-17 14:47,上海,4k-8k,不限,大专,未来发展：税务顾问，财务主管
财务会计,武汉诺雅光电科技有限公司,15-50人,2020-12-25 9:23,武汉,3k-5k,不限,不限,良好的晋升渠道，只要肯努力定会站得更高！
财务会计,巴斯力网络科技（广东）有限公司,15-50人,2020-12-16 14:28,广州,5k-6k,3-5年,大专,自由空间，发展广阔
高级核算会计,上海引旅信息技术服务有限公司,150-500人,2020-12-31 18:02,上海,8k-11k,1-3年,本科,大平台 年度调薪
总账会计,北京智众互动网络科技有限公司,500-2000人,2020-12-22 9:40,北京,8k-12k,1-3年,本科,五险一金 双休
财务会计,北京理享家商务信息咨询有限公司,150-500人,2020-12-11 15:59,北京,6k-12k,1-3年,本科,晋升快，福利好，参与上市流程
会计,杭州朔天科技有限公司,150-500人,2020-12-21 9:25,杭州,4k-7k,1-3年,大专,高新技术企业
会计助理,郴州旺源财务管理有限公司,15-50人,2020-11-23 11:18,郴州,2k-3k,在校/应届,大专,周末双休，福利优厚，公司气氛和谐，长白班
总账会计,深圳小爱灵动网络技术有限公司,15-50人,2020-11-18 9:56,深圳,10k-15k,3-5年,本科,双休、成长空间大，
会计助理,湖北税联教育科技有限公司,15-50人,2020-12-23 10:31,武汉,3k-6k,不限,不限,发展前景好
会计，专业开发票,徐州市优璇会计咨询服务有限公司,少于15人,2020-12-31 13:37,徐州,1k-2k,1-3年,大专,交五险，双休，节假日与国家法定节日同步
会计,海南流云科技有限责任公司,15-50人,2020-12-22 16:08,海口,8k-10k,5-10年,本科,一起成长
费用会计,上海朴道水汇环保科技股份有限公司,50-150人,2020-12-29 15:09,上海,7k-9k,3-5年,本科,领导好，免费班车，交金正规
总账会计,北京新东方迅程网络科技股份有限公司,2000人以上,2020-12-10 15:21,北京,10k-20k,3-5年,本科,上市公司
会计财务,中投亿诺（北京）国际企业管理有限公司,15-50人,2020-12-31 9:33,北京,6k-8k,在校/应届,本科,双休 不加班 补助
会计,软联时空（武汉）网络科技有限公司,50-150人,2020-12-8 16:02,武汉,5k-9k,3-5年,大专,双休；五险一金、加班补贴，年终奖，培训
会计,北京企信科登记注册代理事务所,15-50人,2020-12-18 16:11,北京,6k-8k,3-5年,大专,会计
会计,上海金碧国际货物运输代理有限公司,50-150人,2020-12-17 15:11,上海,4k-8k,不限,本科,"晋升空间大,薪酬福利好,提供住宿,班车接送"
会计财务,中投亿诺（北京）国际企业管理有限公司,15-50人,2020-12-31 9:17,北京,6k-8k,在校/应届,本科,双休 不加班 补助
会计主管,广州睿谋科技信息咨询有限公司,15-50人,2020-12-31 8:59,广州,6k-8k,3-5年,大专,行业前景可期，老板耿直，主管甜美
会计文员,中山市香山教育科技有限公司,50-150人,2020-12-31 12:45,珠海,4k-6k,1-3年,大专,周末双休、朝九晚六、全勤奖、晋升空间大
会计,成都千佳世纪家具有限责任公司,50-150人,2020-11-10 11:07,成都,4k-7k,1-3年,大专,会计
会计,西安信耳云信息技术有限公司,15-50人,2020-11-30 9:14,西安,5k-8k,5-10年,本科,年底13薪 额外奖金
财务会计,厦门花石榴传媒科技有限公司,15-50人,2020-8-7 0:30,厦门,4k-5k,1-3年,大专,"1.员工每年生日礼物
2.定期团建活动"
总账会计,深圳市乐杜鹃产业管理服务有限公司,50-150人,2020-12-11 9:54,深圳,7k-10k,3-5年,大专,五险一金、全勤奖等
会计,北京掌众科技有限公司,500-2000人,2020-12-10 11:06,北京,8k-13k,1-3年,本科,六险一金
财务会计,四川赛睿森企业管理咨询有限公司,50-150人,2020-12-24 11:56,重庆,4k-6k,不限,本科,财务信息化，财务共享
会计,杭州中科先进技术研究院有限公司,50-150人,2020-12-21 15:22,杭州,6k-10k,3-5年,本科,双休，六险一金
核算会计,美薇亭（北京）文化发展有限公司,150-500人,2020-12-31 13:57,北京,8k-12k,在校/应届,本科,发展前景好 晋升空间大 弹性工作时间
总账会计,全美在线（北京）教育科技股份有限公司,500-2000人,2020-12-16 14:44,北京,10k-15k,3-5年,本科,发展空间大/工作环境好/补充医疗等
会计,北京智酷道捷教育科技有限公司,15-50人,2020-11-26 11:15,北京,7k-9k,3-5年,本科,国企投资控股的教育科技公司
成本会计,京信通信系统（中国）有限公司,2000人以上,2020-12-31 11:08,广州,6k-10k,不限,不限,五险一金、住宿、餐补、班车、年终奖
外勤会计,深圳市深南财务咨询管理有限公司,50-150人,2020-12-31 9:42,深圳,3k-6k,在校/应届,不限,晋升空间大，国外旅游，奖金，工作氛围轻松
会计财务,中投亿诺（北京）国际企业管理有限公司,15-50人,2020-12-31 9:25,北京,6k-8k,不限,本科,双休 不加班 补助
会计,杭州若联科技有限公司,15-50人,2020-12-22 16:22,杭州,4k-7k,在校/应届,本科,成长空间大、弹性工作、不打卡
会计,鞍馨财务咨询（上海）有限公司,少于15人,2020-7-25 14:35,上海,4k-7k,3-5年,大专,永不言败
财务会计,上海邦顶信息技术有限公司,少于15人,2020-12-24 11:13,上海,7k-9k,3-5年,大专,五险一金，扁平管理
会计专员,烟台市乐金电子科技有限公司,150-500人,2020-12-23 8:17,烟台,5k-7k,1-3年,本科,发展前景
会计,苏州星点点信息科技有限公司,50-150人,2020-12-22 13:29,苏州,5k-7k,1-3年,大专,工作餐、节日福利、创业公司
会计,北京南海中天科技有限公司,50-150人,2020-12-4 16:54,东莞,4k-6k,1-3年,大专,扁平化、领导好
总账会计,上海述信信息科技有限公司,50-150人,2020-12-7 16:40,上海,13k-18k,3-5年,本科,优秀的团队，团队氛围好，零食下午茶。
会计专员,大参林医药集团股份有限公司,2000人以上,2020-10-16 11:02,西安,4k-6k,1-3年,大专,免费住宿、五险、进阶培训、法定节假日
会计实习生,深圳市中兴新云服务有限公司,500-2000人,2020-12-31 16:47,西安,1k-2k,在校/应届,本科,大平台、发展前景
会计,瑜睿(北京)科技有限公司,15-50人,2020-9-3 6:59,北京,5k-6k,1-3年,本科,晋升空间大，核心团队
会计,小象飞羊（北京）科技有限公司,15-50人,2020-12-5 22:20,北京,7k-14k,1-3年,本科,时间自由、弹性工作
记账会计,中晟国亚资产管理（北京）有限公司,50-150人,2020-12-31 10:22,北京,3k-6k,1-3年,大专,周末双休 节假日休息 带薪年假
会计,北京悦霖家茂财务咨询有限公司,少于15人,2020-8-2 16:18,北京,6k-8k,3-5年,大专,一份有发展空间且稳定的工作。
应付会计,杭州迪普科技股份有限公司,500-2000人,2020-12-31 9:18,杭州,6k-9k,1-3年,本科,五险一金 周末双休
总账会计,广州海葳特科技有限公司,50-150人,2020-12-24 11:45,广州,6k-8k,1-3年,大专,双休 五险一金 商业保险 地铁上盖
会计,陕西盛玺财务服务有限公司,15-50人,2020-12-23 16:15,咸阳,6k-9k,1-3年,本科,用自己的能力与公司一同发展！
会计,长盛骏（重庆）环保科技有限公司,15-50人,2020-10-25 15:39,重庆,4k-8k,1-3年,大专,你值得高薪！
会计主管,北京永诚华信科技有限公司,15-50人,2020-12-30 14:25,北京,6k-10k,3-5年,本科,晋升通道优
会计,广州京盒科技有限公司,15-50人,2020-8-7 17:47,广州,4k-8k,不限,大专,想象出不可能的可能，付出行动完成它
会计,三可药业（深圳）有限公司,500-2000人,2020-11-28 10:00,深圳,5k-7k,1-3年,不限,五险一金，带薪年假，法定假期，朝九晚六
会计助理,泰州市德诺装饰工程有限公司,15-50人,2020-12-20 11:09,泰州,2k-4k,不限,不限,努力决定高度
总账会计,南京美均电子科技有限公司,15-50人,2020-9-1 13:54,南京,6k-10k,1-3年,本科,弹性工作制， 五险一金，丰富团建，晋升客供件
财务会计,广州宏优软件技术有限公司,150-500人,2020-12-18 10:10,广州,4k-6k,1-3年,大专,国家法定节假日； 五险； 节日福利；团建等
做账会计（偏线下活动版块）,北京思维造物信息科技股份有限公司,150-500人,2020-12-28 18:46,北京,12k-16k,3-5年,本科,"弹性工作,氛围轻松,学习机会多"
会计专员,深圳市嘉信建设集团有限公司,500-2000人,2020-12-16 11:03,深圳,4k-6k,1-3年,本科,薪酬福利优良 年轻化团队 周末双休 餐补
会计,延边创业软件开发股份有限公司,150-500人,2020-12-14 15:14,延边朝鲜族自治州,3k-5k,3-5年,大专,部门晋升的机率要比其他部门高出10%。
总账会计,深圳市工采网络科技有限公司,15-50人,2020-9-17 9:26,深圳,6k-8k,在校/应届,本科,领导nice 晋升空间大
会计助理,成都汇商天下代理记账有限公司彭州分公司,15-50人,2020-12-14 14:54,成都,4k-6k,不限,不限,晋升空间大
总账会计,佛山市创商汇电子商务有限公司,50-150人,2020-11-12 18:18,佛山,7k-11k,1-3年,大专,绩效奖金、节假日福利、包餐
会计助理,中国平安人寿保险股份有限公司成都电话销售中心,2000人以上,2020-11-18 16:08,成都,4k-6k,不限,大专,周末双休，六险二金
会计,东莞嘉虹财务代理事务所,15-50人,2020-12-16 13:47,东莞,4k-8k,1-3年,大专,工作认真负责
会计,北京中广煜盛文化传播有限公司,50-150人,2020-12-14 13:26,北京,8k-10k,3-5年,本科,团队氛围好
会计,上海几姆教育科技有限公司,150-500人,2020-12-14 11:12,天津,6k-8k,1-3年,大专,双休+五险一金，晋升大
全盘会计,深圳美加云品酒业投资有限公司,少于15人,2020-12-31 10:34,深圳,6k-7k,不限,大专,发展前景好，成长速度快，晋升空间大。
总账会计,深圳市芭田生态工程股份有限公司,2000人以上,2020-12-9 14:56,深圳,8k-13k,3-5年,本科,上市公司，晋升空间大，吃住行补贴，环境优雅
总账会计,武汉市同步远方信息技术开发有限公司,150-500人,2020-9-3 10:20,武汉,5k-6k,5-10年,本科,我们期待你的加入。
会计,北京光华长安大厦有限公司,少于15人,2020-12-21 16:19,北京,5k-8k,3-5年,本科,工作环境好，交通便利，五险一金
会计,广州市科帕电子科技有限公司,150-500人,2020-12-14 8:50,广州,7k-10k,3-5年,大专,五险一金，周末双休，包两餐
会计,江苏路亿鑫建材贸易有限公司,15-50人,2020-12-23 13:55,南京,5k-7k,1-3年,大专,每年调薪/生日福利/节日福利/超长春节假期
会计,东莞市昆和鞋材化工贸易有限公司,15-50人,2020-7-9 10:27,东莞,4k-8k,3-5年,本科,有很好的发展前景，在越南，缅甸均由设厂
会计,甘肃玄天贸易集团有限公司,15-50人,2020-9-15 8:25,兰州,4k-8k,3-5年,本科,缴纳五险
会计专员,北京云纬科技有限公司,15-50人,2020-7-24 18:53,石家庄,4k-8k,3-5年,本科,全国性汽车金融公司
会计,成都栖云数通科技有限公司,15-50人,2020-12-25 14:57,成都,5k-6k,3-5年,大专,年底双薪、五险一金、发展平台大
会计助理,北京金策天元投资顾问中心,15-50人,2020-9-1 0:30,北京,5k-6k,不限,不限,报税是财务工作的基础之一。
会计,广州悠游信息科技有限公司,15-50人,2020-10-22 10:35,广州,5k-8k,3-5年,大专,轻松
财务会计,广州广真易旅行社有限公司,15-50人,2020-11-2 16:28,广州,4k-6k,3-5年,大专,员工持股，共同发展
Python爬虫,上海纳纳科技有限公司,50-150人,2021-01-06 15:59:41,上海,15k-20k,1-3年,本科,平台好 业务稳 氛围佳 福利好
python爬虫工程师,慧科讯业（北京）网络科技有限公司,500-2000人,2021-01-06 18:21:12,深圳,15k-25k,3-5年,本科,全球最大的中文媒体信息集成与资讯服务商
python爬虫工程师,慧科讯业（北京）网络科技有限公司,500-2000人,2021-01-06 18:21:10,北京,15k-25k,5-10年,本科,五险一金 周末双休 年底双薪
python爬虫工程师,珠海钧誉资产管理有限公司,15-50人,2021-01-06 18:39:02,广州,8k-12k,不限,大专,扁平化管理 周末双休 丰厚年终奖
python爬虫工程师,我查查信息技术（上海）有限公司,150-500人,2021-01-06 16:48:34,上海,15k-25k,3-5年,本科,年轻 创新 氛围好
python爬虫工程师,北京生生科技有限公司,150-500人,2021-01-06 13:38:41,北京,10k-18k,在校/应届,本科,正规 专业 技术提升 团队氛围
python爬虫工程师,广州萌啦信息科技有限公司,50-150人,2021-01-06 16:04:14,广州,8k-13k,3-5年,大专,高新诚聘
python爬虫工程师,上海别样秀数据科技有限公司,150-500人,2021-01-06 14:43:42,上海,10k-20k,不限,本科,跨境，电商，外企，美式管理，氛围佳，发展稳定
python爬虫及数据开发工程师,深圳市前海房极客网络科技有限公司,150-500人,2021-01-06 14:01:14,深圳,13k-25k,3-5年,本科,"房地产领域,数据挖掘"
高级Python爬虫工程师,深圳市前海房极客网络科技有限公司,150-500人,2021-01-06 14:01:15,深圳,10k-20k,1-3年,本科,高配团队；发展机会；期权激励；扁平管理
python爬虫工程师,杭州菱歌数字科技有限公司,15-50人,2021-01-06 18:13:56,北京,10k-20k,不限,大专,"前沿技术,弹性时间,欢乐氛围,职业发展"
Python算法/爬虫工程师,北京三巫科技有限公司,50-150人,2021-01-06 17:31:28,北京,16k-29k,不限,本科,周末双休五险一 带薪年假年终奖金绩效奖金
python爬虫工程师,安徽省刀锋网络科技有限公司,500-2000人,2021-01-06 11:53:17,武汉,10k-15k,1-3年,本科,互联网安全
python爬虫工程师,上海蜜度信息技术有限公司,500-2000人,2021-01-06 09:44:07,上海,9k-15k,1-3年,大专,五险一金，补充医疗险、通讯交通补贴年终奖
python高级爬虫工程师,上海蜜度信息技术有限公司,500-2000人,2021-01-06 09:44:06,上海,15k-20k,3-5年,本科,五险一金，补充医疗险、通讯交通补贴年终奖
python爬虫工程师,深圳爱数云科技有限公司,15-50人,2021-01-06 09:59:44,深圳,8k-12k,不限,大专,尊重、自由、责任
python爬虫工程师,北京美住美宿科技有限公司,500-2000人,2021-01-06 09:42:23,北京,15k-30k,3-5年,本科,扁平化管理 五险一金 优质行业
python爬虫工程师,深圳市泊寓租赁服务有限公司,2000人以上,2021-01-06 09:36:05,深圳,10k-20k,3-5年,本科,团队氛围佳
Python高级开发/爬虫工程师,深圳华秋电子有限公司,500-2000人,2021-01-06 09:11:54,深圳,15k-18k,3-5年,本科,"公司背景好,福利好,实力雄厚,调薪机会"
python爬虫工程师,深圳市绿联科技有限公司,500-2000人,2021-01-06 09:07:36,深圳,15k-20k,1-3年,本科,五险一金 免费体检 免费午餐 免费住宿
python爬虫+数据库开发,杭州所罗门信息科技有限公司,少于15人,2021-01-06 10:50:38,杭州,5k-8k,不限,本科,创业团队 数据库开发 python 爬虫
Python爬虫实习生,深圳爱数云科技有限公司,15-50人,2021-01-06 09:59:44,深圳,4k-6k,在校/应届,大专,尊重、自由、责任
Python爬虫开发工程师,消费者报道杂志社有限公司,15-50人,2021-01-06 09:37:24,广州,7k-9k,1年以下,大专,13薪 7.5时5天 五险一金 加班调休 带薪年假
python爬虫工程师,广州聚焦网络技术有限公司,150-500人,2021-01-06 08:52:01,广州,10k-20k,1-3年,本科,周末双休，五险一金，带薪休假，年终表彰
python爬虫工程师,广州市乐无边教育科技有限公司,50-150人,2021-01-06 18:13:28,广州,8k-16k,1-3年,本科,"周末双休,高发展前景,公司氛围好,福利好"
Python爬虫工程师,深圳市一面网络技术有限公司,50-150人,2021-01-05 20:29:34,深圳,20k-30k,不限,本科,大数据人工智能；清华系大牛；技术氛围浓
python爬虫工程师,深圳闲猫互动网络科技有限公司,50-150人,2021-01-05 15:04:46,深圳,10k-20k,不限,不限,公司氛围好 薪资待遇好 发展潜力好
python爬虫与数据工程师,北京百观科技有限公司,15-50人,2021-01-05 14:30:17,北京,14k-20k,1-3年,本科,高成长、技术分享
Python数据与爬虫工程师,北京百观科技有限公司,15-50人,2021-01-05 14:30:17,北京,18k-24k,3-5年,本科,"高成长空间,有挑战性,福利待遇好"
高级Python爬虫工程师（Insight）,观澜网络（杭州）有限公司,500-2000人,2021-01-05 12:11:10,杭州,15k-30k,3-5年,本科,互联网医疗
Python爬虫,上海纳纳科技有限公司,50-150人,2021-01-06 15:59:41,上海,15k-20k,1-3年,本科,平台好 业务稳 氛围佳 福利好
python爬虫工程师,慧科讯业（北京）网络科技有限公司,500-2000人,2021-01-06 18:21:12,深圳,15k-25k,3-5年,本科,全球最大的中文媒体信息集成与资讯服务商
python爬虫工程师,慧科讯业（北京）网络科技有限公司,500-2000人,2021-01-06 18:21:10,北京,15k-25k,5-10年,本科,五险一金 周末双休 年底双薪
python爬虫工程师,珠海钧誉资产管理有限公司,15-50人,2021-01-06 18:39:02,广州,8k-12k,不限,大专,扁平化管理 周末双休 丰厚年终奖
python爬虫工程师,我查查信息技术（上海）有限公司,150-500人,2021-01-06 16:48:34,上海,15k-25k,3-5年,本科,年轻 创新 氛围好
python爬虫工程师,北京生生科技有限公司,150-500人,2021-01-06 13:38:41,北京,10k-18k,在校/应届,本科,正规 专业 技术提升 团队氛围
python爬虫工程师,广州萌啦信息科技有限公司,50-150人,2021-01-06 16:04:14,广州,8k-13k,3-5年,大专,高新诚聘
python爬虫工程师,上海别样秀数据科技有限公司,150-500人,2021-01-06 14:43:42,上海,10k-20k,不限,本科,跨境，电商，外企，美式管理，氛围佳，发展稳定
python爬虫及数据开发工程师,深圳市前海房极客网络科技有限公司,150-500人,2021-01-06 14:01:14,深圳,13k-25k,3-5年,本科,"房地产领域,数据挖掘"
高级Python爬虫工程师,深圳市前海房极客网络科技有限公司,150-500人,2021-01-06 14:01:15,深圳,10k-20k,1-3年,本科,高配团队；发展机会；期权激励；扁平管理
python爬虫工程师,杭州菱歌数字科技有限公司,15-50人,2021-01-06 18:13:56,北京,10k-20k,不限,大专,"前沿技术,弹性时间,欢乐氛围,职业发展"
Python算法/爬虫工程师,北京三巫科技有限公司,50-150人,2021-01-06 17:31:28,北京,16k-29k,不限,本科,周末双休五险一 带薪年假年终奖金绩效奖金
python爬虫工程师,安徽省刀锋网络科技有限公司,500-2000人,2021-01-06 11:53:17,武汉,10k-15k,1-3年,本科,互联网安全
python爬虫工程师,上海蜜度信息技术有限公司,500-2000人,2021-01-06 09:44:07,上海,9k-15k,1-3年,大专,五险一金，补充医疗险、通讯交通补贴年终奖
python高级爬虫工程师,上海蜜度信息技术有限公司,500-2000人,2021-01-06 09:44:06,上海,15k-20k,3-5年,本科,五险一金，补充医疗险、通讯交通补贴年终奖
python爬虫工程师,深圳爱数云科技有限公司,15-50人,2021-01-06 09:59:44,深圳,8k-12k,不限,大专,尊重、自由、责任
python爬虫工程师,北京美住美宿科技有限公司,500-2000人,2021-01-06 09:42:23,北京,15k-30k,3-5年,本科,扁平化管理 五险一金 优质行业
python爬虫工程师,深圳市泊寓租赁服务有限公司,2000人以上,2021-01-06 09:36:05,深圳,10k-20k,3-5年,本科,团队氛围佳
Python高级开发/爬虫工程师,深圳华秋电子有限公司,500-2000人,2021-01-06 09:11:54,深圳,15k-18k,3-5年,本科,"公司背景好,福利好,实力雄厚,调薪机会"
python爬虫工程师,深圳市绿联科技有限公司,500-2000人,2021-01-06 09:07:36,深圳,15k-20k,1-3年,本科,五险一金 免费体检 免费午餐 免费住宿
python爬虫+数据库开发,杭州所罗门信息科技有限公司,少于15人,2021-01-06 10:50:38,杭州,5k-8k,不限,本科,创业团队 数据库开发 python 爬虫
Python爬虫实习生,深圳爱数云科技有限公司,15-50人,2021-01-06 09:59:44,深圳,4k-6k,在校/应届,大专,尊重、自由、责任
Python爬虫开发工程师,消费者报道杂志社有限公司,15-50人,2021-01-06 09:37:24,广州,7k-9k,1年以下,大专,13薪 7.5时5天 五险一金 加班调休 带薪年假
python爬虫工程师,广州聚焦网络技术有限公司,150-500人,2021-01-06 08:52:01,广州,10k-20k,1-3年,本科,周末双休，五险一金，带薪休假，年终表彰
python爬虫工程师,广州市乐无边教育科技有限公司,50-150人,2021-01-06 18:13:28,广州,8k-16k,1-3年,本科,"周末双休,高发展前景,公司氛围好,福利好"
Python爬虫工程师,深圳市一面网络技术有限公司,50-150人,2021-01-05 20:29:34,深圳,20k-30k,不限,本科,大数据人工智能；清华系大牛；技术氛围浓
python爬虫工程师,深圳闲猫互动网络科技有限公司,50-150人,2021-01-05 15:04:46,深圳,10k-20k,不限,不限,公司氛围好 薪资待遇好 发展潜力好
python爬虫与数据工程师,北京百观科技有限公司,15-50人,2021-01-05 14:30:17,北京,14k-20k,1-3年,本科,高成长、技术分享
Python数据与爬虫工程师,北京百观科技有限公司,15-50人,2021-01-05 14:30:17,北京,18k-24k,3-5年,本科,"高成长空间,有挑战性,福利待遇好"
高级Python爬虫工程师（Insight）,观澜网络（杭州）有限公司,500-2000人,2021-01-05 12:11:10,杭州,15k-30k,3-5年,本科,互联网医疗
python爬虫工程师,杭州蚊子会数字营销有限公司,150-500人,2021-01-05 11:25:55,杭州,15k-20k,3-5年,本科,五险一金+生日会+团建+各种好玩得
python爬虫工程师,纬历信息技术（上海）有限公司,50-150人,2021-01-05 09:34:06,上海,15k-20k,1-3年,本科,大数据
python爬虫工程师,广州万唯邑众信息科技有限公司,15-50人,2021-01-04 11:03:58,广州,10k-15k,不限,大专,游戏 直播 电商 餐补 下午茶 双休
python爬虫工程师,深圳世嘉传媒科技有限公司,150-500人,2021-01-04 17:52:08,深圳,15k-25k,3-5年,本科,福利待遇高
高级python爬虫工程师,成都京波科技有限公司,15-50人,2021-01-04 09:37:26,成都,10k-18k,3-5年,本科,5险一金，每年旅游，免费零食，每月团建
Python 高级爬虫工程师,北京屹文惠科技有限公司,150-500人,2021-01-04 18:34:26,北京,25k-50k,5-10年,本科,专业互联网团队
python爬虫工程师,杭州如涵控股股份有限公司,500-2000人,2020-12-30 13:41:06,杭州,18k-23k,3-5年,本科,弹性上班时间 公司体检 公司活动 五险一金
python爬虫工程师,杭州莫凡网络有限公司,少于15人,2020-12-29 16:28:01,杭州,15k-20k,1-3年,本科,工作氛围轻松、双休、工作成就感强
Python爬虫工程师,易居企业（中国）集团有限公司,500-2000人,2020-12-29 09:24:18,上海,10k-20k,3-5年,本科,五险一金 技能培训 岗位晋升
Python爬虫岗（数据开发）,拉勾猎头,500-2000人,2020-12-26 17:46:24,上海,15k-25k,1-3年,本科,业务稳定
python爬虫工程师,北京未来通证科技有限公司,50-150人,2020-12-18 10:04:59,北京,12k-24k,1-3年,本科,健身房，五险一金，房补，大牛带队，餐补
兼职python数据爬虫及人工智能,深圳市姚诚信息科技有限公司,少于15人,2021-01-01 16:10:56,深圳,10k-12k,在校/应届,不限,兼职，日结
python爬虫,北京万千道管理咨询有限公司,15-50人,2020-11-09 11:29:14,北京,25k-50k,3-5年,本科,扩招职位，紧急招聘
Python爬虫工程师,北京诺信创联科技有限公司,150-500人,2020-11-02 08:49:29,北京,20k-30k,3-5年,本科,五险一金；补充医疗；节日福利；零食下午茶；
python爬虫开发工程师,湖南崇文新媒体科技有限公司,15-50人,2020-12-20 10:05:16,长沙,6k-12k,1-3年,大专,让专业的人做专业的事
python爬虫工程师,杭州音度人工智能有限公司,15-50人,2020-12-23 10:35:53,北京,8k-15k,不限,本科,python爬虫工程师
Python爬虫实习生,北京猿力未来科技有限公司,2000人以上,2020-12-22 14:48:24,北京,6k-8k,在校/应届,本科,五一7天假、7000元旅游津贴、大牛团队
python爬虫工程师,品派（北京）营销策划有限公司,15-50人,2020-12-17 16:29:50,北京,10k-18k,不限,本科,双休，五险一金
python爬虫工程师,人民网科技（北京）有限公司,150-500人,2020-10-26 14:46:44,北京,15k-30k,5-10年,本科,六险一金，地铁周边，节日福利
python爬虫工程师,重庆觉晓教育科技有限公司,150-500人,2020-12-25 09:24:18,重庆,8k-13k,1-3年,本科,五险一金、年终奖、包吃、零食下午茶、定期团建
Python爬虫及反爬工程师（可实习、可校招）,南京聪明狗网络技术有限公司,15-50人,2020-12-22 10:14:35,南京,10k-20k,不限,本科,"每年涨工资,大数据实战, 集体出游"
python爬虫工程师,西安智云创联信息科技有限公司,15-50人,2020-11-30 21:33:37,西安,5k-10k,不限,大专,时间灵活，项目收益高，不用打卡，远程办公
python爬虫工程师,北京斯图飞腾科技有限公司,15-50人,2020-12-01 18:20:32,北京,12k-20k,1-3年,大专,大数据行业，行业发展前景好
python爬虫工程师,武汉市劲捷电子信息有限公司,15-50人,2020-12-31 10:48:28,武汉,5k-6k,1-3年,大专,双休，五险，餐补，车补
python爬虫工程师,云南若水网络科技有限公司,15-50人,2020-12-31 16:28:44,昆明,8k-12k,1-3年,本科,扁平化管理 车补 餐补 年终奖 帅气老板
Python爬虫工程师,武汉纬孚信息科技有限公司,少于15人,2020-12-23 17:44:17,武汉,5k-8k,1-3年,不限,"服务端,移动互联网"
python爬虫工程师,深圳市星意美科技有限公司,15-50人,2020-12-23 14:31:58,深圳,12k-16k,1-3年,大专,五险一金、带薪年假、节日福利、年终奖。
python爬虫工程师,令克软件（杭州）有限公司,50-150人,2020-12-25 09:53:53,杭州,8k-12k,1-3年,大专,年终奖 补贴
python爬虫工程师,南极电商（上海）有限公司,150-500人,2020-12-24 13:37:44,上海,10k-20k,1-3年,大专,上市公司 完善体系
python高级爬虫工程师,北京奥德塔数据科技有限公司,15-50人,2020-12-23 15:38:01,北京,10k-18k,1-3年,本科,六险一金，带薪年假，餐补交补等
Python爬虫实习生,北京氢元数据信息技术有限公司,15-50人,2020-12-23 12:28:40,北京,3k-5k,在校/应届,本科,周末双休，有转正机会
python爬虫工程师,四川电科网安科技有限公司,50-150人,2020-12-26 22:40:25,成都,13k-20k,3-5年,本科,欢迎加入，你会看到闪亮的自己！
python爬虫工程师,杭州蚊子会数字营销有限公司,150-500人,2020-12-16 13:47:45,杭州,12k-20k,1-3年,本科,团队氛围好、公司平台大
Python 爬虫开发工程师,锐仕方达人力资源集团有限公司第八分公司,2000人以上,2020-11-26 13:38:55,北京市,12k-20k,3-5年,本科,福利好，头发保
Python爬虫开发工程师,广州咖客餐饮有限公司,150-500人,2020-12-15 10:56:10,广州,10k-16k,1-3年,本科,基本福利齐全，高薪资，五险一金不可少
python爬虫工程师（数据采集）,浙江甲骨文超级码科技股份有限公司,150-500人,2020-12-15 09:52:00,杭州,15k-20k,3-5年,本科,成长快
python爬虫工程师,姹紫嫣红（厦门）网络科技有限公司,15-50人,2020-11-30 13:40:58,厦门,10k-18k,1-3年,大专,福利好氛围好 晋升空间
python爬虫工程师,北京盈科千信科技有限公司,50-150人,2020-11-27 08:25:05,北京,12k-15k,1-3年,大专,五险一金 出国旅游 待遇丰厚
python爬虫工程师,深圳市斗网科技有限公司,15-50人,2020-09-19 11:10:41,深圳,8k-10k,不限,本科,每周下午茶、每月聚餐、每年旅游、设备一档
python爬虫工程师,北京艺恩世纪数据科技股份有限公司,50-150人,2020-12-07 10:50:00,北京,15k-20k,1-3年,本科,扁平化管理，工作自由度高，晋升空间大
python爬虫工程师,湖南雨人网络技术安全股份有限公司,50-150人,2020-07-16 16:44:34,长沙,8k-12k,3-5年,本科,双休、五险一金、项目奖金、年终奖金
python爬虫工程师（逆向）,羚客（杭州）网络技术有限公司,15-50人,2020-11-25 18:05:50,杭州,15k-25k,3-5年,本科,完善的职业晋升路线 带团队
Python爬虫实习生,联合赤道环境评价有限公司,50-150人,2020-11-27 15:23:55,天津,1k-2k,在校/应届,大专,提供早午餐、六日双休
python爬虫工程师,北京罗格数据科技有限公司,15-50人,2020-11-13 11:07:00,北京,15k-30k,3-5年,本科,工作弹性、气氛融洽
python爬虫工程师,苏州巨人网络技术有限公司,500-2000人,2020-11-21 15:57:38,苏州,5k-10k,不限,本科,一年多次调薪，五险一金，定期团建，培训
python爬虫工程师,道有道科技集团股份公司,150-500人,2020-11-25 14:16:17,北京,20k-25k,3-5年,本科,弹性工作、周末双休、带薪年休假
python爬虫工程师,长沙惠虹信息科技有限公司,50-150人,2020-11-10 18:54:09,杭州,16k-25k,3-5年,本科,初创公司，年轻团队，高效团结
python爬虫工程师,上海迩立教育科技有限公司,15-50人,2020-10-07 09:49:53,上海,20k-30k,3-5年,本科,高薪有期权 千万融资 初创阶段发展空间大
python爬虫工程师,合肥宽土猫科技有限公司,少于15人,2020-08-25 15:08:49,合肥,4k-8k,不限,不限,正常工作 发挥专业技能
Python爬虫,上海纳纳科技有限公司,50-150人,2021-01-06 15:59:41,上海,15k-20k,1-3年,本科,平台好 业务稳 氛围佳 福利好
python爬虫工程师,慧科讯业（北京）网络科技有限公司,500-2000人,2021-01-06 18:21:12,深圳,15k-25k,3-5年,本科,全球最大的中文媒体信息集成与资讯服务商
python爬虫工程师,慧科讯业（北京）网络科技有限公司,500-2000人,2021-01-06 18:21:10,北京,15k-25k,5-10年,本科,五险一金 周末双休 年底双薪
python爬虫工程师,珠海钧誉资产管理有限公司,15-50人,2021-01-06 18:39:02,广州,8k-12k,不限,大专,扁平化管理 周末双休 丰厚年终奖
python爬虫工程师,我查查信息技术（上海）有限公司,150-500人,2021-01-06 16:48:34,上海,15k-25k,3-5年,本科,年轻 创新 氛围好
python爬虫工程师,北京生生科技有限公司,150-500人,2021-01-06 13:38:41,北京,10k-18k,在校/应届,本科,正规 专业 技术提升 团队氛围
python爬虫工程师,广州萌啦信息科技有限公司,50-150人,2021-01-06 16:04:14,广州,8k-13k,3-5年,大专,高新诚聘
python爬虫工程师,上海别样秀数据科技有限公司,150-500人,2021-01-06 14:43:42,上海,10k-20k,不限,本科,跨境，电商，外企，美式管理，氛围佳，发展稳定
python爬虫及数据开发工程师,深圳市前海房极客网络科技有限公司,150-500人,2021-01-06 14:01:14,深圳,13k-25k,3-5年,本科,"房地产领域,数据挖掘"
高级Python爬虫工程师,深圳市前海房极客网络科技有限公司,150-500人,2021-01-06 14:01:15,深圳,10k-20k,1-3年,本科,高配团队；发展机会；期权激励；扁平管理
python爬虫工程师,杭州菱歌数字科技有限公司,15-50人,2021-01-06 18:13:56,北京,10k-20k,不限,大专,"前沿技术,弹性时间,欢乐氛围,职业发展"
Python算法/爬虫工程师,北京三巫科技有限公司,50-150人,2021-01-06 17:31:28,北京,16k-29k,不限,本科,周末双休五险一 带薪年假年终奖金绩效奖金
python爬虫工程师,安徽省刀锋网络科技有限公司,500-2000人,2021-01-06 11:53:17,武汉,10k-15k,1-3年,本科,互联网安全
python爬虫工程师,上海蜜度信息技术有限公司,500-2000人,2021-01-06 09:44:07,上海,9k-15k,1-3年,大专,五险一金，补充医疗险、通讯交通补贴年终奖
python高级爬虫工程师,上海蜜度信息技术有限公司,500-2000人,2021-01-06 09:44:06,上海,15k-20k,3-5年,本科,五险一金，补充医疗险、通讯交通补贴年终奖
python爬虫工程师,深圳爱数云科技有限公司,15-50人,2021-01-06 09:59:44,深圳,8k-12k,不限,大专,尊重、自由、责任
python爬虫工程师,北京美住美宿科技有限公司,500-2000人,2021-01-06 09:42:23,北京,15k-30k,3-5年,本科,扁平化管理 五险一金 优质行业
python爬虫工程师,深圳市泊寓租赁服务有限公司,2000人以上,2021-01-06 09:36:05,深圳,10k-20k,3-5年,本科,团队氛围佳
Python高级开发/爬虫工程师,深圳华秋电子有限公司,500-2000人,2021-01-06 09:11:54,深圳,15k-18k,3-5年,本科,"公司背景好,福利好,实力雄厚,调薪机会"
python爬虫工程师,深圳市绿联科技有限公司,500-2000人,2021-01-06 09:07:36,深圳,15k-20k,1-3年,本科,五险一金 免费体检 免费午餐 免费住宿
python爬虫+数据库开发,杭州所罗门信息科技有限公司,少于15人,2021-01-06 10:50:38,杭州,5k-8k,不限,本科,创业团队 数据库开发 python 爬虫
Python爬虫实习生,深圳爱数云科技有限公司,15-50人,2021-01-06 09:59:44,深圳,4k-6k,在校/应届,大专,尊重、自由、责任
Python爬虫开发工程师,消费者报道杂志社有限公司,15-50人,2021-01-06 09:37:24,广州,7k-9k,1年以下,大专,13薪 7.5时5天 五险一金 加班调休 带薪年假
python爬虫工程师,广州聚焦网络技术有限公司,150-500人,2021-01-06 08:52:01,广州,10k-20k,1-3年,本科,周末双休，五险一金，带薪休假，年终表彰
python爬虫工程师,广州市乐无边教育科技有限公司,50-150人,2021-01-06 18:13:28,广州,8k-16k,1-3年,本科,"周末双休,高发展前景,公司氛围好,福利好"
Python爬虫工程师,深圳市一面网络技术有限公司,50-150人,2021-01-05 20:29:34,深圳,20k-30k,不限,本科,大数据人工智能；清华系大牛；技术氛围浓
python爬虫工程师,深圳闲猫互动网络科技有限公司,50-150人,2021-01-05 15:04:46,深圳,10k-20k,不限,不限,公司氛围好 薪资待遇好 发展潜力好
python爬虫与数据工程师,北京百观科技有限公司,15-50人,2021-01-05 14:30:17,北京,14k-20k,1-3年,本科,高成长、技术分享
Python数据与爬虫工程师,北京百观科技有限公司,15-50人,2021-01-05 14:30:17,北京,18k-24k,3-5年,本科,"高成长空间,有挑战性,福利待遇好"
高级Python爬虫工程师（Insight）,观澜网络（杭州）有限公司,500-2000人,2021-01-05 12:11:10,杭州,15k-30k,3-5年,本科,互联网医疗
python爬虫工程师,杭州蚊子会数字营销有限公司,150-500人,2021-01-05 11:25:55,杭州,15k-20k,3-5年,本科,五险一金+生日会+团建+各种好玩得
python爬虫工程师,纬历信息技术（上海）有限公司,50-150人,2021-01-05 09:34:06,上海,15k-20k,1-3年,本科,大数据
python爬虫工程师,广州万唯邑众信息科技有限公司,15-50人,2021-01-04 11:03:58,广州,10k-15k,不限,大专,游戏 直播 电商 餐补 下午茶 双休
python爬虫工程师,深圳世嘉传媒科技有限公司,150-500人,2021-01-04 17:52:08,深圳,15k-25k,3-5年,本科,福利待遇高
高级python爬虫工程师,成都京波科技有限公司,15-50人,2021-01-04 09:37:26,成都,10k-18k,3-5年,本科,5险一金，每年旅游，免费零食，每月团建
Python 高级爬虫工程师,北京屹文惠科技有限公司,150-500人,2021-01-04 18:34:26,北京,25k-50k,5-10年,本科,专业互联网团队
python爬虫工程师,杭州如涵控股股份有限公司,500-2000人,2020-12-30 13:41:06,杭州,18k-23k,3-5年,本科,弹性上班时间 公司体检 公司活动 五险一金
python爬虫工程师,杭州莫凡网络有限公司,少于15人,2020-12-29 16:28:01,杭州,15k-20k,1-3年,本科,工作氛围轻松、双休、工作成就感强
Python爬虫工程师,易居企业（中国）集团有限公司,500-2000人,2020-12-29 09:24:18,上海,10k-20k,3-5年,本科,五险一金 技能培训 岗位晋升
Python爬虫岗（数据开发）,拉勾猎头,500-2000人,2020-12-26 17:46:24,上海,15k-25k,1-3年,本科,业务稳定
python爬虫工程师,北京未来通证科技有限公司,50-150人,2020-12-18 10:04:59,北京,12k-24k,1-3年,本科,健身房，五险一金，房补，大牛带队，餐补
兼职python数据爬虫及人工智能,深圳市姚诚信息科技有限公司,少于15人,2021-01-01 16:10:56,深圳,10k-12k,在校/应届,不限,兼职，日结
python爬虫,北京万千道管理咨询有限公司,15-50人,2020-11-09 11:29:14,北京,25k-50k,3-5年,本科,扩招职位，紧急招聘
Python爬虫工程师,北京诺信创联科技有限公司,150-500人,2020-11-02 08:49:29,北京,20k-30k,3-5年,本科,五险一金；补充医疗；节日福利；零食下午茶；
python爬虫开发工程师,湖南崇文新媒体科技有限公司,15-50人,2020-12-20 10:05:16,长沙,6k-12k,1-3年,大专,让专业的人做专业的事
python爬虫工程师,杭州音度人工智能有限公司,15-50人,2020-12-23 10:35:53,北京,8k-15k,不限,本科,python爬虫工程师
Python爬虫实习生,北京猿力未来科技有限公司,2000人以上,2020-12-22 14:48:24,北京,6k-8k,在校/应届,本科,五一7天假、7000元旅游津贴、大牛团队
python爬虫工程师,品派（北京）营销策划有限公司,15-50人,2020-12-17 16:29:50,北京,10k-18k,不限,本科,双休，五险一金
python爬虫工程师,人民网科技（北京）有限公司,150-500人,2020-10-26 14:46:44,北京,15k-30k,5-10年,本科,六险一金，地铁周边，节日福利
python爬虫工程师,重庆觉晓教育科技有限公司,150-500人,2020-12-25 09:24:18,重庆,8k-13k,1-3年,本科,五险一金、年终奖、包吃、零食下午茶、定期团建
Python爬虫及反爬工程师（可实习、可校招）,南京聪明狗网络技术有限公司,15-50人,2020-12-22 10:14:35,南京,10k-20k,不限,本科,"每年涨工资,大数据实战, 集体出游"
python爬虫工程师,西安智云创联信息科技有限公司,15-50人,2020-11-30 21:33:37,西安,5k-10k,不限,大专,时间灵活，项目收益高，不用打卡，远程办公
python爬虫工程师,北京斯图飞腾科技有限公司,15-50人,2020-12-01 18:20:32,北京,12k-20k,1-3年,大专,大数据行业，行业发展前景好
python爬虫工程师,武汉市劲捷电子信息有限公司,15-50人,2020-12-31 10:48:28,武汉,5k-6k,1-3年,大专,双休，五险，餐补，车补
python爬虫工程师,云南若水网络科技有限公司,15-50人,2020-12-31 16:28:44,昆明,8k-12k,1-3年,本科,扁平化管理 车补 餐补 年终奖 帅气老板
Python爬虫工程师,武汉纬孚信息科技有限公司,少于15人,2020-12-23 17:44:17,武汉,5k-8k,1-3年,不限,"服务端,移动互联网"
python爬虫工程师,深圳市星意美科技有限公司,15-50人,2020-12-23 14:31:58,深圳,12k-16k,1-3年,大专,五险一金、带薪年假、节日福利、年终奖。
python爬虫工程师,令克软件（杭州）有限公司,50-150人,2020-12-25 09:53:53,杭州,8k-12k,1-3年,大专,年终奖 补贴
python爬虫工程师,南极电商（上海）有限公司,150-500人,2020-12-24 13:37:44,上海,10k-20k,1-3年,大专,上市公司 完善体系
python高级爬虫工程师,北京奥德塔数据科技有限公司,15-50人,2020-12-23 15:38:01,北京,10k-18k,1-3年,本科,六险一金，带薪年假，餐补交补等
Python爬虫实习生,北京氢元数据信息技术有限公司,15-50人,2020-12-23 12:28:40,北京,3k-5k,在校/应届,本科,周末双休，有转正机会
python爬虫工程师,四川电科网安科技有限公司,50-150人,2020-12-26 22:40:25,成都,13k-20k,3-5年,本科,欢迎加入，你会看到闪亮的自己！
python爬虫工程师,杭州蚊子会数字营销有限公司,150-500人,2020-12-16 13:47:45,杭州,12k-20k,1-3年,本科,团队氛围好、公司平台大
Python 爬虫开发工程师,锐仕方达人力资源集团有限公司第八分公司,2000人以上,2020-11-26 13:38:55,北京市,12k-20k,3-5年,本科,福利好，头发保
Python爬虫开发工程师,广州咖客餐饮有限公司,150-500人,2020-12-15 10:56:10,广州,10k-16k,1-3年,本科,基本福利齐全，高薪资，五险一金不可少
python爬虫工程师（数据采集）,浙江甲骨文超级码科技股份有限公司,150-500人,2020-12-15 09:52:00,杭州,15k-20k,3-5年,本科,成长快
python爬虫工程师,姹紫嫣红（厦门）网络科技有限公司,15-50人,2020-11-30 13:40:58,厦门,10k-18k,1-3年,大专,福利好氛围好 晋升空间
python爬虫工程师,北京盈科千信科技有限公司,50-150人,2020-11-27 08:25:05,北京,12k-15k,1-3年,大专,五险一金 出国旅游 待遇丰厚
python爬虫工程师,深圳市斗网科技有限公司,15-50人,2020-09-19 11:10:41,深圳,8k-10k,不限,本科,每周下午茶、每月聚餐、每年旅游、设备一档
python爬虫工程师,北京艺恩世纪数据科技股份有限公司,50-150人,2020-12-07 10:50:00,北京,15k-20k,1-3年,本科,扁平化管理，工作自由度高，晋升空间大
python爬虫工程师,湖南雨人网络技术安全股份有限公司,50-150人,2020-07-16 16:44:34,长沙,8k-12k,3-5年,本科,双休、五险一金、项目奖金、年终奖金
python爬虫工程师（逆向）,羚客（杭州）网络技术有限公司,15-50人,2020-11-25 18:05:50,杭州,15k-25k,3-5年,本科,完善的职业晋升路线 带团队
Python爬虫实习生,联合赤道环境评价有限公司,50-150人,2020-11-27 15:23:55,天津,1k-2k,在校/应届,大专,提供早午餐、六日双休
python爬虫工程师,北京罗格数据科技有限公司,15-50人,2020-11-13 11:07:00,北京,15k-30k,3-5年,本科,工作弹性、气氛融洽
python爬虫工程师,苏州巨人网络技术有限公司,500-2000人,2020-11-21 15:57:38,苏州,5k-10k,不限,本科,一年多次调薪，五险一金，定期团建，培训
python爬虫工程师,道有道科技集团股份公司,150-500人,2020-11-25 14:16:17,北京,20k-25k,3-5年,本科,弹性工作、周末双休、带薪年休假
python爬虫工程师,长沙惠虹信息科技有限公司,50-150人,2020-11-10 18:54:09,杭州,16k-25k,3-5年,本科,初创公司，年轻团队，高效团结
python爬虫工程师,上海迩立教育科技有限公司,15-50人,2020-10-07 09:49:53,上海,20k-30k,3-5年,本科,高薪有期权 千万融资 初创阶段发展空间大
python爬虫工程师,合肥宽土猫科技有限公司,少于15人,2020-08-25 15:08:49,合肥,4k-8k,不限,不限,正常工作 发挥专业技能
（大数据专场）高级数据分析/数据科学家-【DA应用】,北京达佳互联信息技术有限公司,2000人以上,2021-01-06 12:35:56,北京,40k-70k,5-10年,硕士,技术大牛
大数据开发工程师,上海小牛互娱智能科技有限公司,500-2000人,2021-01-06 22:01:07,上海,20k-35k,5-10年,本科,五险一金
大数据开发工程师,广州博依特智能信息科技有限公司,50-150人,2021-01-06 21:33:50,广州,15k-30k,3-5年,本科,阿里大牛，数百亿数据沉淀，氛围好
大数据开发工程师,爱客科技（深圳）有限公司,150-500人,2021-01-06 21:25:42,深圳,18k-35k,5-10年,本科,技术大牛 国际化团队 工具文化
大数据开发工程师,北京世联互动网络有限公司成都分公司,2000人以上,2021-01-06 17:41:51,成都,11k-20k,3-5年,本科,技术氛围浓厚，薪酬福利优厚
大数据开发工程师,圆通速递有限公司,2000人以上,2021-01-06 16:42:44,上海,20k-35k,3-5年,本科,上市公司，提供住宿，餐补
大数据开发工程师,广州南天电脑系统有限公司,500-2000人,2021-01-06 18:26:56,广州,10k-18k,3-5年,本科,"五险一金,年终奖金,带薪年假,节日福利"
大数据开发工程师,小花网络科技（深圳）有限公司,150-500人,2021-01-06 15:44:30,上海,15k-25k,3-5年,本科,中信产业基金旗下
大数据开发工程师,打扮家（北京）科技有限公司,150-500人,2021-01-06 21:05:53,北京,20k-30k,3-5年,本科,行业前景 发展空间 薪资福利
大数据开发工程师,上海淇毓信息科技有限公司,500-2000人,2021-01-06 20:47:34,北京,15k-30k,3-5年,本科,周末双休、弹性工作、五险一金、绩效奖金
大数据开发工程师,浙江邦盛科技有限公司,500-2000人,2021-01-06 20:49:49,北京,15k-25k,3-5年,本科,年底双薪 绩效奖金 管理规范 五险一金
大数据开发工程师,北京十一贝科技有限公司,150-500人,2021-01-06 13:53:09,北京,25k-45k,5-10年,本科,免费三餐、加班打车、带薪年假
大数据开发工程师,广东快乐种子科技有限公司,2000人以上,2021-01-06 20:27:52,广州,15k-30k,3-5年,本科,周末双休、五险一金
大数据开发工程师,北京外研在线数字科技有限公司,150-500人,2021-01-06 14:05:28,北京,20k-40k,3-5年,本科,福利好，8险一金，食堂，年假更多
大数据开发工程师,北京明翰建筑设计有限公司,150-500人,2021-01-06 20:19:14,广州,15k-30k,3-5年,本科,公司氛围nice，福利优，发展前景好
（大数据专场）Java开发工程师/专家-【数据架构】,北京达佳互联信息技术有限公司,2000人以上,2021-01-06 12:35:56,北京,20k-40k,3-5年,本科,"福利多,成长快"
大数据开发工程师,车轮互联科技（上海）股份有限公司,150-500人,2021-01-06 19:59:51,上海,20k-30k,1-3年,本科,氛围佳、福利好、发展空间大
大数据开发工程师,上海一起作业信息科技有限公司,2000人以上,2021-01-06 17:14:37,北京,20k-40k,3-5年,本科,上市公司、注重员工职业发展、团队氛围良好、
大数据开发工程师,浙江达摩网络科技有限公司,150-500人,2021-01-06 19:36:03,杭州,10k-20k,1-3年,本科,海量数据 发展空间大
大数据开发工程师,珠海凡泰极客科技有限责任公司,50-150人,2021-01-06 15:29:35,北京,15k-30k,1-3年,本科,"前沿,有趣"
大数据开发工程师,北京钛氪新媒体科技有限公司,50-150人,2021-01-06 19:27:17,北京,15k-20k,1-3年,本科,新媒体，大数据，团队氛围良好，技术大牛
大数据开发工程师,北京掌文信息技术有限公司,50-150人,2021-01-06 19:42:57,北京,15k-30k,3-5年,本科,五险一金，扁平管理，员工活动
大数据开发工程师,上海文思海辉金信软件有限公司,2000人以上,2021-01-06 19:21:30,北京,15k-26k,3-5年,本科,大数据平台
大数据开发工程师,北京钛氪新媒体科技有限公司,50-150人,2021-01-06 19:27:17,北京,15k-30k,1-3年,本科,大数据 爬虫 架构设计
大数据开发工程师,奥解思信息科技（上海）有限公司,500-2000人,2021-01-06 19:09:42,上海,15k-20k,不限,本科,外企办公环境，弹性工作制，技术先进。
大数据开发工程师,广州君海网络科技有限公司,500-2000人,2021-01-06 19:14:30,广州,18k-28k,5-10年,本科,带薪年假 年度体检 免费三餐 优秀团队
大数据开发工程师,广州君海网络科技有限公司,500-2000人,2021-01-06 19:14:29,广州,12k-22k,3-5年,本科,带薪年假 年度体检 免费三餐 优秀团队
大数据开发工程师,上海快仓智能科技有限公司,150-500人,2021-01-06 18:42:22,上海,15k-25k,3-5年,本科,智能仓储机器人公司
大数据开发工程师,深信服科技股份有限公司,2000人以上,2021-01-06 18:33:54,深圳,20k-40k,3-5年,本科,"平台大,福利好,薪资高"
大数据开发工程师,上海道客网络科技有限公司,150-500人,2021-01-06 18:37:19,上海,20k-25k,3-5年,本科,五险一金、补充医疗险、年终奖金
大数据开发工程师,食亨（上海）科技服务有限公司,500-2000人,2021-01-06 18:19:37,上海,15k-25k,1-3年,不限,企业大牛多，行业前景好，漂亮妹子多
大数据开发工程师,火眼云（北京）科技有限公司,50-150人,2021-01-06 18:23:02,北京,20k-35k,3-5年,本科,发展前进好，团队实力强
大数据资深开发工程师-金融业务,深圳虾皮信息科技有限公司,500-2000人,2021-01-06 18:34:38,深圳,30k-50k,5-10年,本科,蓝海市场，外企氛围。
大数据开发工程师-金融业务,深圳虾皮信息科技有限公司,500-2000人,2021-01-06 18:34:37,深圳,20k-40k,3-5年,本科,蓝海市场，外企氛围。
大数据开发工程师,深圳金融科技研究院(中国人民银行金融科技研究院),150-500人,2021-01-06 18:06:45,北京,40k-80k,3-5年,本科,发展空间大，福利好
大数据开发工程师,深圳市博悦科创科技有限公司,500-2000人,2021-01-06 18:15:40,深圳,10k-16k,1-3年,本科,发展前景，福利好
大数据开发工程师,深圳金融科技研究院(中国人民银行金融科技研究院),150-500人,2021-01-06 18:06:43,苏州,40k-80k,3-5年,本科,发展空间大，福利好
大数据开发工程师,广州伊的家网络科技有限公司,2000人以上,2021-01-06 17:55:56,广州,15k-25k,1-3年,本科,"13~17薪,团队扁平化,发展空间大"
大数据开发工程师,上海元聚网络科技有限公司,150-500人,2021-01-06 18:09:21,上海,20k-35k,3-5年,本科,年终奖金，定期体检，公司氛围好
大数据开发工程师,广州易幻网络科技有限公司,150-500人,2021-01-06 17:43:46,广州,12k-18k,1-3年,本科,周末双休、14 薪、发展空间大
大数据开发工程师,咪咕文化科技有限公司,2000人以上,2021-01-06 18:03:28,上海,20k-40k,3-5年,本科,年终奖 带薪年假 交通补助 通讯津贴等
大数据开发工程师,杭州悦玩网络科技有限公司,150-500人,2021-01-06 17:58:44,杭州,10k-15k,1-3年,本科,全年16薪，包三餐，六险一金
大数据开发工程师,广州卓牛信息科技有限公司,50-150人,2021-01-06 17:37:22,广州,18k-36k,5-10年,本科,季度项目奖，五险一金，双休
大数据开发工程师,深圳市紫川软件有限公司,500-2000人,2021-01-06 17:32:28,深圳,13k-20k,3-5年,本科,周末双休 五险一金 员工旅游 员工体检
大数据开发工程师,腾讯科技（深圳）有限公司,2000人以上,2021-01-06 17:23:00,深圳,15k-30k,3-5年,不限,大数据
大数据开发工程师,腾讯科技（深圳）有限公司,2000人以上,2021-01-06 17:22:56,深圳,25k-40k,3-5年,本科,大平台
大数据开发工程师,秒针信息技术有限公司,2000人以上,2021-01-06 17:38:46,深圳,12k-15k,1-3年,本科,六险一金 年终奖金 年度体检 超长假期
大数据开发工程师,深圳市智灵时代科技有限公司,50-150人,2021-01-06 17:15:18,广州,20k-35k,5-10年,本科,快速发展 背景强大 大牛团队
大数据开发工程师,深圳市智灵时代科技有限公司,50-150人,2021-01-06 17:15:18,深圳,15k-25k,3-5年,本科,AI金融科技、发展前景大、股东方实力雄厚
大数据开发工程师,广州安豆科技有限公司,50-150人,2021-01-06 17:37:25,广州,15k-25k,3-5年,本科,福利待遇好，发展空间大，团队气氛欢乐
大数据开发工程师,上海触乐信息科技有限公司,500-2000人,2021-01-06 17:24:37,上海,25k-50k,3-5年,本科,美股上市 牛人团队 亿级日活 福利待遇佳
大数据开发工程师,深圳市瑞达飞行科技有限公司,15-50人,2021-01-06 17:31:19,深圳,15k-25k,3-5年,本科,行业发展前景好，团队年轻有活力
大数据开发工程师,新疆维吾尔自治区广播电视研究所,150-500人,2021-01-06 18:18:38,成都,10k-15k,1-3年,本科,地铁周边，扁平化管理，周末双休，五险一金
大数据开发工程师,秒针信息技术有限公司,2000人以上,2021-01-06 17:25:25,上海,20k-30k,3-5年,本科,行业TOP;团队氛围，晋升空间；福利待遇
大数据开发工程师,前锦网络信息技术（上海）有限公司,2000人以上,2021-01-06 17:23:09,上海,12k-20k,1-3年,硕士,"带薪年假,技术大神,五险一金"
大数据开发工程师,上海韩创网络科技有限公司,500-2000人,2021-01-06 17:13:36,上海,15k-28k,1-3年,本科,"带薪年假,五险一金,年底N薪,牛人多"
大数据开发工程师,汉熵通信有限公司,50-150人,2021-01-06 17:16:12,北京,15k-30k,不限,本科,精英团队 扁平化管理 公司高速发展
大数据开发工程师,北京视野金融信息服务有限公司,50-150人,2021-01-06 17:17:11,北京,12k-24k,3-5年,本科,五险一金 定期团建
大数据开发工程师,上海海万信息科技股份有限公司,500-2000人,2021-01-06 17:19:39,上海,14k-18k,3-5年,大专,。
大数据开发工程师,上海驰骛信息科技有限公司,50-150人,2021-01-06 17:13:02,上海,15k-25k,5-10年,本科,六险一金 免费晚餐 年假十天
大数据开发工程师,建顺信息科技（广州）有限公司,50-150人,2021-01-06 17:13:46,广州,20k-25k,1-3年,本科,弹性工作 五险一金 年终奖金
大数据开发工程师,绿城理想生活服务集团有限公司,2000人以上,2021-01-06 17:22:08,杭州,15k-22k,3-5年,本科,大平台，福利好，互联网氛围，同事超nice
大数据开发工程师,北京木瓜移动科技股份有限公司,150-500人,2021-01-06 17:06:44,北京,20k-35k,3-5年,硕士,"项目挑战大,团队氛围好,空间大"
大数据开发工程师,广州华资软件技术有限公司,500-2000人,2021-01-06 17:10:36,广州,10k-15k,1-3年,本科,六险一金，福利好，大平台，大团队
大数据开发工程师,TCL实业控股股份有限公司,2000人以上,2021-01-06 17:10:56,上海,15k-28k,3-5年,本科,行业前景、公司氛围、数据量大
大数据开发工程师,北京比财数据科技有限公司,50-150人,2021-01-06 17:06:23,北京,25k-35k,5-10年,本科,"五险一金,带薪年假,双休"
大数据开发工程师,杭州同花顺数据开发有限公司,2000人以上,2021-01-06 17:12:24,杭州,30k-40k,5-10年,本科,上市公司、金融科技行业、发展空间大
大数据开发工程师,彩讯科技股份有限公司,500-2000人,2021-01-06 17:06:17,北京,12k-18k,3-5年,不限,五险一金、电话补助 、司龄津贴、年终奖金
大数据开发工程师,深圳市林祺信息技术有限公司,15-50人,2021-01-06 17:01:32,张家口,12k-20k,3-5年,本科,13薪
大数据开发工程师,上海微盟企业发展有限公司,2000人以上,2021-01-06 17:00:09,上海,20k-35k,3-5年,本科,上市公司
大数据开发工程师,西安林茂装饰工程有限公司,50-150人,2021-01-06 14:17:47,上海,35k-50k,5-10年,本科,双休 六险一金
大数据开发工程师,杭州知衣科技有限公司,50-150人,2021-01-06 17:47:15,杭州,18k-30k,1-3年,本科,大牛团队 大数据
大数据开发工程师,北京点石经纬科技有限公司,500-2000人,2021-01-06 17:04:17,北京,25k-35k,3-5年,本科,K12教育 硬软件结合 AI智慧教育
大数据开发工程师,上海驰骛信息科技有限公司,50-150人,2021-01-06 16:55:50,上海,15k-30k,3-5年,本科,团建活动、 带薪年假、定期体检、零食水果
大数据开发工程师,深圳市懿华软件有限公司,少于15人,2021-01-06 16:54:14,深圳,14k-20k,3-5年,本科,职位高大上，行业老大
大数据开发工程师,现代财产保险（中国）有限公司,50-150人,2021-01-06 16:37:21,北京,20k-30k,3-5年,本科,互联网保险公司
大数据开发工程师,厦门科拓通讯技术股份有限公司,500-2000人,2021-01-06 16:38:35,成都,15k-25k,5-10年,本科,双休弹性上下班 团建活动丰富 带薪年假
大数据开发工程师,北京聚量广告传媒有限公司,50-150人,2021-01-06 16:43:27,北京,15k-25k,3-5年,本科,五险一金、双休
大数据开发工程师,深圳市博悦科创科技有限公司,500-2000人,2021-01-06 16:42:28,深圳,10k-15k,1-3年,本科,五险一金，年终奖，周末双休，团建
大数据开发工程师,四川九强通信科技有限公司,50-150人,2021-01-06 16:36:22,成都,7k-14k,5-10年,大专,周末双休、带薪年假、升职加薪空间大
大数据开发工程师,上海华钦信息科技股份有限公司,500-2000人,2021-01-06 16:23:49,上海,15k-28k,3-5年,本科,全球型外资企业平台，牛人大咖云集
大数据开发工程师,武汉掌游科技有限公司,150-500人,2021-01-06 16:05:15,武汉,13k-26k,3-5年,本科,福利待遇好 挑战16薪 中餐包餐
大数据开发工程师,中华联合财产保险股份有限公司,2000人以上,2021-01-06 16:22:38,杭州,12k-24k,1-3年,本科,六险一金，完善的福利体系
大数据开发工程师,深圳小鹅网络技术有限公司,500-2000人,2021-01-06 16:35:32,深圳,15k-30k,5-10年,本科,团队氛围好，前景佳
大数据开发工程师,上海袋虎信息技术有限公司,150-500人,2021-01-06 15:55:23,上海,30k-35k,3-5年,本科,行业前景好 扁平管理 团队氛围好
大数据开发工程师,达烁高科（北京）信息技术有限公司,50-150人,2021-01-06 13:45:37,北京,11k-16k,3-5年,本科,五险一金、餐补、交通/通讯/电脑补助、带薪年假
大数据开发工程师,广州金十信息科技有限公司,150-500人,2021-01-06 16:21:38,广州,15k-30k,3-5年,本科,年终奖 周末双休 五险一金 公司饭堂
大数据开发工程师,安徽百得思维信息科技有限公司,2000人以上,2021-01-06 16:20:50,合肥,9k-11k,1-3年,大专,餐补+交通补+话补+节日福利+双休+班车
大数据开发工程师,中邮信息科技（北京）有限公司,500-2000人,2021-01-06 16:19:57,北京,21k-40k,3-5年,本科,六险二金 食堂 平台稳定 工会福利 旅游
大数据开发工程师,安徽百得思维信息科技有限公司,2000人以上,2021-01-06 16:20:51,合肥,11k-15k,1-3年,本科,五险一金+双休+餐补+油补+话补
大数据开发工程师,上海漫微信息技术有限公司,500-2000人,2021-01-06 16:00:43,上海,20k-40k,5-10年,本科,海底捞背景 研发团队强大
大数据开发工程师,北京善义善美科技有限公司,2000人以上,2021-01-06 16:01:39,北京,20k-25k,3-5年,本科,核心业务
大数据开发工程师,北京聚和天成科技有限公司,50-150人,2021-01-06 16:15:02,北京,20k-40k,3-5年,本科,互联网金融
大数据开发工程师,广州好易电子联行服务有限公司,150-500人,2021-01-06 15:58:35,广州,20k-30k,3-5年,本科,周末双休 五险一金 节假日福利
大数据开发工程师,深圳市博奥特科技有限公司,500-2000人,2021-01-06 16:03:21,深圳,14k-20k,3-5年,本科,五险一金；周末双休；节假日福利；下午茶
大数据开发工程师,广州数说故事信息科技有限公司,150-500人,2021-01-06 15:57:05,广州,15k-20k,3-5年,本科,"高速发展,奖励多多,企业大数据,业务导向"
大数据开发工程师,广州数说故事信息科技有限公司,150-500人,2021-01-06 15:57:07,深圳,15k-25k,3-5年,本科,行业前景好，大牛多多，五险一金，带薪年假
大数据开发工程师,联洋国融（北京）科技有限公司,50-150人,2021-01-06 15:56:04,上海,18k-28k,3-5年,本科,海量数据、每天上百亿条数据、数据量50T
大数据开发工程师,汉熵通信有限公司,50-150人,2021-01-06 16:00:59,北京,15k-30k,3-5年,本科,扁平管理，弹性办公，精英团队
大数据开发工程师,互道信息技术（上海）有限公司,50-150人,2021-01-06 16:01:20,上海,20k-30k,3-5年,本科,核心团队 氛围轻松 领导Nice
大数据开发工程师,广州萌啦信息科技有限公司,50-150人,2021-01-06 16:04:14,广州,15k-25k,1-3年,大专,简单的人际关系，扁平化沟通。
大数据开发工程师,深圳市德科信息技术有限公司,2000人以上,2021-01-06 15:20:48,深圳,16k-23k,3-5年,本科,平台好，项目好，大牛带队
大数据开发工程师,深圳市阿卡索资讯股份有限公司,2000人以上,2021-01-06 15:43:49,深圳,15k-30k,3-5年,大专,五险一金，美女如云
大数据开发工程师,爱笔（北京）智能科技有限公司,150-500人,2021-01-06 15:34:05,北京,20k-40k,3-5年,本科,人工智能 创业氛围
大数据开发工程师,深圳市博悦科创科技有限公司,500-2000人,2021-01-06 15:36:44,深圳,11k-16k,1-3年,本科,"技术新,晋升快,福利待遇好,发展前景好"
大数据开发工程师,杭州半云科技有限公司,150-500人,2021-01-06 15:43:37,杭州,6k-12k,1-3年,本科,节日福利、定期体检、六险一金、绩效奖金
大数据开发工程师,杭州半云科技有限公司,150-500人,2021-01-06 15:43:36,合肥,10k-20k,3-5年,本科,五险一金 带薪年假 定期体检 节日福利
大数据开发工程师,奥解思信息科技（上海）有限公司,500-2000人,2021-01-06 15:41:42,上海,18k-20k,1-3年,本科,弹性工时 年底奖金 晋升空间
大数据开发工程师,珠海凡泰极客科技有限责任公司,50-150人,2021-01-06 15:29:33,成都,12k-24k,1-3年,本科,金融科技
大数据开发工程师,北京智能广宣科技有限公司,150-500人,2021-01-06 15:29:54,北京,20k-30k,3-5年,本科,足额五险一金，补充医疗，年终奖金，周末双休
大数据开发工程师,阳光保险集团股份有限公司,2000人以上,2021-01-06 15:26:31,北京,18k-30k,3-5年,本科,工作氛围好，平台大
大数据开发工程师,广州天越电子科技有限公司,150-500人,2021-01-06 15:08:10,广州,14k-19k,3-5年,大专,周末双休 节日礼品 年底项目奖金
大数据开发工程师,上海派拉软件股份有限公司,150-500人,2021-01-06 14:34:13,上海,13k-18k,5-10年,大专,年终奖高，晋升空间大，扁平化管理
大数据开发工程师,深圳联友科技有限公司,500-2000人,2021-01-06 15:15:17,武汉,12k-18k,3-5年,本科,具有竞争力的薪酬福利，年度体检，公司团建等
大数据开发工程师,上海韩创网络科技有限公司,500-2000人,2021-01-06 14:59:23,上海,25k-30k,3-5年,本科,五险一金周末双休摄影天堂13薪软性福利
大数据开发工程师,新浪网技术（中国）有限公司,2000人以上,2021-01-06 14:32:32,北京,15k-25k,3-5年,本科,五险一金，公司食堂，团队氛围好，成长空间
高级大数据开发工程师/架构师,云账户（天津）共享经济信息咨询有限公司,150-500人,2021-01-06 22:18:04,北京,25k-50k,3-5年,本科,五险一金，住房补贴，包中晚饭，补充医疗保险
大数据开发工程师,好人生管理咨询（上海）有限公司,50-150人,2021-01-06 15:12:15,上海,10k-20k,1-3年,本科,五险一金，商业保险，年度体检，EAP服务
大数据开发工程师,深圳市云积分科技有限公司,150-500人,2021-01-06 14:51:12,西安,15k-25k,3-5年,本科,周末双休、团队年轻、主题下午茶，股权激励
大数据开发工程师,深圳市博悦科创科技有限公司,500-2000人,2021-01-06 15:08:59,深圳,12k-18k,1-3年,大专,五险一金 员工旅游 定期体检 带薪年假
大数据开发工程师,上海莉莉丝科技股份有限公司,500-2000人,2021-01-06 14:45:18,上海,12k-24k,3-5年,本科,"弹性工作,福利待遇好,工作氛围好"
大数据开发工程师,上海黄豆网络科技有限公司,150-500人,2021-01-06 14:48:08,上海,25k-30k,3-5年,本科,福利待遇 晋升途径
大数据高级开发工程师,云账户（天津）共享经济信息咨询有限公司,150-500人,2021-01-06 22:18:04,北京,30k-60k,3-5年,本科,五险一金，住房补贴，包中晚饭，补充医疗保险
大数据开发工程师,北京臻澄网络科技有限公司,50-150人,2021-01-06 14:38:47,北京,15k-25k,1-3年,本科,大牛云集，工程师文化，一年16薪
大数据开发工程师,北京鲸灵数据科技有限公司,50-150人,2021-01-06 14:17:02,北京,25k-35k,5-10年,本科,geek，弹性时间，环境舒适
大数据开发工程师,成都玛尔斯科技有限公司,150-500人,2021-01-06 14:22:26,成都,15k-25k,5-10年,本科,弹性打卡，五险一金，14薪
大数据开发工程师,深圳市前海房极客网络科技有限公司,150-500人,2021-01-06 14:01:15,深圳,20k-40k,5-10年,本科,"发展空间大,薪酬提升快,股票期权"
大数据开发工程师,中创三优（北京）科技有限公司,150-500人,2021-01-06 14:35:24,北京,18k-25k,3-5年,本科,业务前景好 发展空间大
高级大数据开发工程师,北京云真信科技有限公司杭州分公司,50-150人,2021-01-06 21:36:26,杭州,18k-36k,3-5年,本科,16-25薪 海量数据 业务发展迅速
大数据开发工程师,慧科讯业（北京）网络科技有限公司,500-2000人,2021-01-06 18:21:09,北京,8k-16k,在校/应届,本科,周末双休 优秀团队 五险一金
大数据开发工程师,上海致宇信息技术有限公司,150-500人,2021-01-06 14:18:10,上海,9k-13k,1-3年,本科,五险一金 年终奖 两次调薪 晋升空间
大数据开发工程师,上海致宇信息技术有限公司,150-500人,2021-01-06 14:18:09,上海,15k-20k,1-3年,本科,五险一金 年终奖 两次调薪 股权激励
中高级大数据开发工程师,上海文思海辉金信软件有限公司,2000人以上,2021-01-06 21:14:46,北京,15k-25k,3-5年,本科,团队氛围好
大数据开发工程师,深圳平安综合金融服务有限公司,2000人以上,2021-01-06 17:57:44,上海,20k-40k,5-10年,本科,内部编制直招 银行体系福利待遇好
（大数据专场）Java开发工程师- 【数据中台】,北京达佳互联信息技术有限公司,2000人以上,2021-01-06 21:23:31,北京,20k-40k,1-3年,本科,"牛人对,待遇好"
大数据开发工程师,广州海颐软件有限公司,150-500人,2021-01-06 13:49:23,广州,8k-15k,1-3年,本科,"双休,五险一金,旅游,体检"
高级大数据后端开发,OPPO广东移动通信有限公司,2000人以上,2021-01-06 19:29:20,深圳,20k-40k,5-10年,本科,"弹性工作,股票期权,奖金丰厚,福利待遇好"
大数据开发工程师,纳里健康科技有限公司,150-500人,2021-01-06 13:42:27,杭州,14k-20k,1-3年,本科,医疗划时代产品、快速的发展、丰厚的回报
中高级大数据开发工程师,上海文思海辉金信软件有限公司,2000人以上,2021-01-06 21:14:46,北京,15k-25k,3-5年,本科,团队氛围好
大数据开发工程师,深圳市玖昔科技发展股份有限公司,50-150人,2021-01-06 13:34:37,深圳,15k-25k,3-5年,本科,"项目前景好,五险一金,内部气氛好"
大数据开发工程师【西安】,杭州数澜科技有限公司,150-500人,2021-01-06 21:19:48,西安,10k-20k,不限,本科,扁平化管理、发展空间大、福利待遇好
大数据开发工程师,四川省明厚天信息技术股份有限公司,150-500人,2021-01-06 13:55:22,成都,10k-20k,3-5年,本科,发展前景、团队实力
大数据开发工程师,国农（重庆）生猪大数据产业发展有限公司,15-50人,2021-01-06 17:36:50,重庆,10k-19k,3-5年,本科,国企平台、五险一金、年轻团队、周末双休
大数据开发工程师,上海新共赢信息科技有限公司,500-2000人,2021-01-06 13:40:21,上海,15k-20k,3-5年,本科,弹性工时 敏捷开发 晋升通道明晰
大数据开发工程师,上海致宇信息技术有限公司,150-500人,2021-01-06 14:18:11,厦门,18k-22k,1-3年,本科,五险一金 年终奖 两次调薪 股权激励
大数据开发工程师,北京太字流动科技有限公司,50-150人,2021-01-06 16:31:06,北京,21k-28k,3-5年,本科,快速成长
大数据开发工程师,尚列（上海）贸易有限公司,50-150人,2021-01-06 12:11:06,上海,15k-20k,3-5年,本科,维度广
大数据开发工程师,海致网络技术（北京）有限公司,150-500人,2021-01-06 11:45:44,上海,18k-28k,3-5年,本科,大数据 金融科技 项目奖 年终奖
大数据开发工程师,浙江创泰科技有限公司,500-2000人,2021-01-06 16:30:26,杭州,20k-30k,5-10年,本科,行业发展好
大数据开发工程师,上海群蚁信息科技有限公司,15-50人,2021-01-06 11:05:57,上海,16k-25k,3-5年,本科,聚焦政府大数据，助力城市精细化管理
大数据开发工程师,上海群蚁信息科技有限公司,15-50人,2021-01-06 11:05:57,上海,16k-25k,3-5年,本科,聚焦政府大数据，助力城市精细化管理
大数据开发工程师,深圳市汇合发展有限公司,2000人以上,2021-01-06 11:44:41,深圳,12k-17k,3-5年,本科,大佬带队 管理规范 加班费 双休
大数据开发工程师,上海众岳信息科技有限公司,50-150人,2021-01-06 11:45:24,杭州,12k-20k,3-5年,本科,海量数据 大团队 发展稳定
大数据开发工程师,上海众岳信息科技有限公司,50-150人,2021-01-06 11:45:24,石家庄,9k-15k,3-5年,本科,海量数据 实时数据 稳定
大数据开发工程师,上海魔芋网络科技有限公司,50-150人,2021-01-06 12:00:34,上海,12k-18k,1-3年,本科,交通方便、饭补、通讯补贴
大数据开发工程师,深圳市幸福商城科技股份有限公司,500-2000人,2021-01-06 11:06:30,深圳,18k-25k,3-5年,本科,发展空间大、绩效奖金
大数据开发工程师,北京容联易通信息技术有限公司,500-2000人,2021-01-06 15:27:51,北京,30k-40k,5-10年,本科,六险一金、年终分红、项目稳定、晋升空间大
大数据开发工程师,飞书深诺数字科技（上海）有限公司,500-2000人,2021-01-06 11:24:41,上海,15k-30k,3-5年,本科,互联网广告、海外业务
大数据开发工程师,上海河姆渡实业发展有限公司,500-2000人,2021-01-06 11:29:54,上海,20k-30k,5-10年,本科,"总裁特别奖,弹性工时"
大数据开发工程师,北京必示科技有限公司,150-500人,2021-01-06 10:47:35,北京,20k-40k,不限,本科,人工智能，大数据，五险一金，奖金，福利
大数据平台开发工程师(J20317),北京颐顺太和软件科技有限公司,2000人以上,2021-01-06 17:20:53,北京,25k-33k,5-10年,本科,核心业务、战略部门、发展空间大
大数据开发工程师,中信银行股份有限公司信用卡中心,2000人以上,2021-01-06 10:48:22,深圳,20k-40k,5-10年,本科,福利待遇优厚，有长远的升职前景
大数据开发工程师(J20316),北京颐顺太和软件科技有限公司,2000人以上,2021-01-06 17:12:44,北京,25k-33k,5-10年,本科,核心业务、战略部门、发展空间大
大数据开发工程师,浙江海高控股集团有限公司,500-2000人,2021-01-06 15:36:18,杭州,15k-25k,3-5年,本科,五险一金、双休、自由度高、项目奖金
大数据开发工程师,建信金融科技有限责任公司,2000人以上,2021-01-06 11:24:27,北京,30k-60k,5-10年,本科,五险两金，带薪休假，公司食堂，出游团建
大数据开发工程师,建信金融科技有限责任公司,2000人以上,2021-01-06 11:24:27,北京,30k-60k,5-10年,本科,五险两金，带薪休假，公司食堂，出游团建
大数据开发工程师,北京大生在线科技有限公司,2000人以上,2021-01-06 11:07:40,深圳,20k-30k,3-5年,本科,上市公司 团队氛围好 学习机会多
大数据开发工程师,上海找钢网信息科技股份有限公司,500-2000人,2021-01-06 11:16:55,上海,20k-35k,3-5年,本科,技术氛围浓 成长快 免费午餐 交通便利
大数据开发工程师,上海序言泽网络科技有限公司,500-2000人,2021-01-06 10:26:19,上海,15k-25k,3-5年,本科,牛人团队
大数据开发工程师,深圳市港诵咨询有限公司,15-50人,2021-01-06 09:59:31,深圳,15k-30k,3-5年,本科,弹性办公，线上办公
大数据开发工程师,深圳市赢时胜信息技术股份有限公司,500-2000人,2021-01-06 10:17:45,北京,15k-22k,1-3年,本科,发展平台大，有较大的晋升空间
大数据开发工程师,北京微聚未来科技有限公司,500-2000人,2021-01-06 09:47:08,北京,30k-60k,5-10年,本科,"牛人团队,带薪年假,16薪考核,快速成长"
大数据开发工程师,小花网络科技（深圳）有限公司,150-500人,2021-01-06 10:19:36,深圳,20k-35k,不限,本科,公司前景可观；团队专业且拼搏上进；加班少
大数据开发工程师,上海海典软件股份有限公司,150-500人,2021-01-06 10:15:41,长沙,13k-20k,3-5年,本科,行业领先，医药电商，大牛团队，重点战略
大数据开发工程师,广东粤云工业互联网创新科技有限公司,150-500人,2021-01-06 10:33:32,佛山,15k-25k,5-10年,大专,六险一金、免费班车、餐补、美的电器员工价
大数据开发工程师,世纪怡嘉软件科技有限公司,150-500人,2021-01-06 11:09:38,上海,10k-15k,1-3年,本科,周末双休，年终奖，五险一金，加班补贴
大数据开发工程师,北京联合众为科技发展有限公司,150-500人,2021-01-06 10:18:31,北京,15k-25k,1-3年,硕士,国企大平台
大数据开发工程师,杭州海康威视数字技术股份有限公司,2000人以上,2021-01-06 11:02:40,武汉,15k-30k,3-5年,本科,"五险一金,补充公积金,话费补贴,餐费补贴"
大数据开发工程师,杉数科技（北京）有限公司,50-150人,2021-01-06 10:00:40,北京,15k-25k,3-5年,本科,精英优质团队 超大成长空间 行业前景
大数据开发工程师,上海依图信息技术有限公司,150-500人,2021-01-06 10:34:21,杭州,20k-35k,3-5年,本科,职业发展，核心部门
大数据开发工程师,广东联通通信建设有限公司,150-500人,2021-01-06 09:54:51,广州,15k-20k,3-5年,本科,五险一金，过节礼品，生日津贴，国企平台
大数据后台开发工程师,厦门深度赋智科技有限公司,15-50人,2021-01-06 15:47:02,深圳,25k-50k,1-3年,本科,大牛云集、高速发展、弹性工作
大数据开发工程师,北京鲸榄网络科技有限公司,15-50人,2021-01-06 09:59:08,北京,16k-30k,5-10年,本科,超长假期 出国游 福利补助
大数据开发工程师,浙江时空道宇科技有限公司上海分公司,150-500人,2021-01-06 10:01:18,上海,25k-35k,3-5年,本科,大牛带队 初创团队 发展前景 500强研发中心
大数据开发工程师,腾讯科技（深圳）有限公司,2000人以上,2021-01-06 09:36:56,深圳,20k-40k,5-10年,本科,大平台
大数据开发工程师,北京智齿博创科技有限公司,150-500人,2021-01-06 09:46:55,北京,15k-25k,3-5年,本科,互联网公司 全额社保 全额公积金 双休
大数据开发工程师,上海驰骛信息科技有限公司,50-150人,2021-01-06 10:39:10,上海,16k-30k,5-10年,本科,不打卡 年假多 员工餐 氛围好 近地铁
大数据开发,广东融合通信股份有限公司,150-500人,2021-01-06 16:14:17,珠海,18k-26k,1-3年,本科,"五险一金,弹性工作,周末双休,各项补贴"
大数据开发工程师,上海乐言信息科技有限公司,500-2000人,2021-01-06 09:54:13,上海,20k-35k,3-5年,不限,业界**团队 早期期权
大数据开发工程师,北京国双科技有限公司,500-2000人,2021-01-06 09:38:01,成都,12k-18k,3-5年,本科,大数据人工智能企业、绩效奖金
大数据开发工程师,北京寄云鼎城科技有限公司,50-150人,2021-01-06 09:28:07,北京,20k-40k,5-10年,本科,扁平管理、五险一金、带薪年假、股票期权
大数据开发工程师,上海舟恩信息技术有限公司,150-500人,2021-01-06 09:31:06,上海,18k-25k,3-5年,大专,大平台
大数据开发工程师,西安格蒂电力有限公司,500-2000人,2021-01-06 09:13:51,南昌,10k-20k,3-5年,本科,发展前景
大数据开发工程师,河南汉威智慧安全科技有限公司,150-500人,2021-01-06 10:00:41,郑州,9k-15k,3-5年,本科,升职空间、学习提升、技术大牛
大数据开发工程师,德勤企业咨询（上海）有限公司,2000人以上,2021-01-06 09:37:51,重庆,10k-18k,3-5年,本科,知名外企、大平台、发展潜力大
软件开发 大数据方向,北京京东世纪贸易有限公司,2000人以上,2021-01-06 15:00:32,北京,30k-60k,3-5年,本科,免费班车，周末双休
大数据开发工程师,北京金鸿睿信息科技有限公司,50-150人,2021-01-06 09:13:44,北京,13k-20k,1-3年,本科,发展空间大，足够的提升空间
大数据开发工程师,广州滴普科技有限公司,500-2000人,2021-01-06 08:39:45,广州,18k-25k,3-5年,本科,双休 年终奖
大数据开发,深圳市法本信息技术股份有限公司,2000人以上,2021-01-06 21:12:00,广州,12k-15k,1-3年,本科,年底多薪 六险一金 不定时下午茶
大数据开发工程师,广州知了科技有限公司,15-50人,2021-01-06 09:10:51,广州,16k-25k,3-5年,本科,五险一金，下午茶，免费住宿，带薪年假
高级大数据开发,秒针信息技术有限公司,2000人以上,2021-01-06 21:11:02,北京,25k-40k,5-10年,本科,六险一金，补助，团建，双休
大数据开发工程师,四川久远银海软件股份有限公司,2000人以上,2021-01-06 08:44:51,成都,7k-12k,1-3年,本科,五险一金，年终奖，生日福利等，发展空间大
资深大数据开发工程师,上海多维度网络科技股份有限公司,150-500人,2021-01-06 20:53:42,上海,20k-30k,3-5年,本科,领导nice，办公环境好，团队氛围好
大数据开发工程师-SH,北京深演智能科技股份有限公司,150-500人,2021-01-06 20:55:39,上海,15k-30k,1-3年,本科,六险一金、团队氛围
大数据开发工程师,北京拉勾网络技术有限公司,500-2000人,2020-12-18 11:27:56,北京,35k-40k,5-10年,本科,"发展空间大,弹性工作制,领导Nice"
大数据开发工程师,北京拉勾网络技术有限公司,500-2000人,2020-10-19 21:49:35,北京,20k-40k,5-10年,不限,"发展空间大,弹性工作制,领导Nice"
到店技术-大数据系统开发工程师-到综,北京三快在线科技有限公司,2000人以上,2021-01-06 19:57:32,上海,25k-45k,3-5年,本科,大平台，强技术
JAVA开发工程师---联通产互天玑云项目（工业大数据平台）,广州市易杰数码科技有限公司,150-500人,2021-01-06 19:45:52,广州,8k-12k,1-3年,大专,工业化大数据平台
前端开发工程师---联通产互天玑云项目（工业大数据平台）,广州市易杰数码科技有限公司,150-500人,2021-01-06 19:45:52,广州,8k-12k,1-3年,大专,工业化大数据平台
大数据开发工程师,北京京东尚科信息技术有限公司,2000人以上,2021-01-06 11:24:13,北京,26k-52k,3-5年,本科,注重人才培养，地点朝阳。智慧运营方向。
大数据开发工程师,广州市蜗牛互动科技有限公司,50-150人,2021-01-06 10:53:03,广州,12k-20k,1-3年,本科,13薪、团建旅游、下午茶
大数据开发工程师（驻场某证券公司）,深圳市博胜丰科技有限公司,50-150人,2021-01-06 19:40:44,深圳,10k-15k,1-3年,本科,良好的办公环境，稳定的发展空间
大数据开发工程师（驻场某基金公司）,深圳市博胜丰科技有限公司,50-150人,2021-01-06 19:40:44,深圳,15k-22k,3-5年,本科,有机会进甲方
大数据开发工程师-西安,上海赛连信息科技有限公司,150-500人,2021-01-06 19:30:44,西安,10k-20k,3-5年,本科,五险一金；弹性工作；定期体检；节日福利
大数据开发工程师（数据服务方向）,上海倾听信息技术有限公司,150-500人,2021-01-06 19:32:53,北京,20k-40k,不限,不限,双休，带薪年假，发展空间大
大数据开发工程师-成都,上海赛连信息科技有限公司,150-500人,2021-01-06 19:30:45,成都,12k-24k,3-5年,本科,五险一金、定期体检、节日福利、年终奖金
大数据开发工程师,安克创新科技股份有限公司,500-2000人,2021-01-06 10:14:30,长沙,7k-10k,在校/应届,本科,薪酬福利、晋升空间、团队氛围、公司发展平台
大数据后台开发工程师（算法方向）,北京钛氪新媒体科技有限公司,50-150人,2021-01-06 19:27:17,北京,15k-30k,1-3年,本科,新媒体，大数据，团队氛围良好，技术大牛
高级大数据开发工程师,北京乐我无限科技有限责任公司,500-2000人,2021-01-06 19:26:31,北京,25k-45k,3-5年,本科,大牛团队 六险一金
高级大数据开发工程师（基础架构）,秒针信息技术有限公司,2000人以上,2021-01-06 19:02:05,北京,20k-35k,5-10年,本科,"大牛多,学习型组织"
Java开发工程师（风控方向/大数据方向）,北京聚和天成科技有限公司,50-150人,2021-01-06 18:51:23,北京,20k-40k,5-10年,本科,"五险一金,氛围好,领导好"
资深大数据开发工程师,北京音娱时光科技有限公司,50-150人,2021-01-06 18:58:05,北京,30k-50k,5-10年,本科,双榜****；工程师文化；自由开放
大数据开发,上海海万信息科技股份有限公司,500-2000人,2021-01-06 18:54:40,深圳,12k-20k,3-5年,本科,大厂 技术培训 交通便利 双休
大数据开发,北京达佳互联信息技术有限公司,2000人以上,2021-01-06 18:36:45,北京,20k-40k,3-5年,本科,"大牛团队,自助餐,弹性时间"
流媒体大数据开发工程师,北京达佳互联信息技术有限公司,2000人以上,2021-01-06 18:36:46,北京,20k-40k,3-5年,本科,待遇好，前景广阔，团队nice
4731C5-大数据开发工程师,西安睿辰文化传播有限责任公司,50-150人,2021-01-06 11:51:56,西安,12k-17k,3-5年,本科,"五险一金,带薪年假,节日福利"
Java开发工程师-大数据应用开发方向,建信金融科技有限责任公司,2000人以上,2021-01-06 18:43:58,广州,20k-40k,1-3年,本科,六险二金、餐补、定期体检
大数据开发岗-数字住建,建信金融科技有限责任公司,2000人以上,2021-01-06 18:43:56,广州,20k-40k,1-3年,本科,六险二金、餐补、定期体检
大数据开发工程师,中粮海优（北京）有限公司,2000人以上,2021-01-06 09:43:54,深圳,15k-30k,3-5年,本科,过节费 优厚的福利待遇
大数据开发工程师,北京国双科技有限公司,500-2000人,2021-01-06 09:38:00,北京,10k-15k,在校/应届,本科,大数据人工智能企业、发展前景可观
大数据开发工程师 (MJ000170),广州云徙科技有限公司,500-2000人,2021-01-06 18:21:41,广州,15k-25k,3-5年,本科,带薪年假 五险一金 扁平化管理
高级大数据开发工程师,慧科讯业（北京）网络科技有限公司,500-2000人,2021-01-06 18:21:11,深圳,26k-35k,5-10年,本科,全球最大的中文媒体信息集成与资讯服务商
大数据开发经理,慧科讯业（北京）网络科技有限公司,500-2000人,2021-01-06 18:21:10,深圳,35k-50k,10年以上,本科,全球最大的中文媒体信息集成与资讯服务商
大数据开发工程师 (MJ000072),广州云徙科技有限公司,500-2000人,2021-01-06 18:21:41,广州,20k-30k,5-10年,本科,技术大牛众多 薪资福利丰厚
Java开发工程师（大数据方向）,拼途（北京）信息技术有限公司,150-500人,2021-01-06 18:21:58,北京,13k-25k,1-3年,本科,氛围好 成长大 福利健全 管午饭
大数据开发工程师 (MJ000796),食亨（上海）科技服务有限公司,500-2000人,2021-01-06 18:19:37,上海,15k-30k,3-5年,本科,技术氛围 绩效奖金 小独角兽公司
大数据资深/高级开发工程师,拼途（北京）信息技术有限公司,150-500人,2021-01-06 18:21:56,北京,18k-28k,3-5年,本科,平台大 福利好
大数据开发工程师9609,OPPO广东移动通信有限公司,2000人以上,2021-01-06 18:15:36,深圳,20k-40k,3-5年,本科,大平台、带薪年假、班车接送、发展空间大
大数据开发工程师,北京字节跳动科技有限公司,2000人以上,2021-01-06 03:52:38,北京,25k-50k,不限,本科,"下午茶,健身瑜伽,六险一金,五险一金"
大数据开发,杭州菱歌数字科技有限公司,15-50人,2021-01-06 18:13:56,北京,10k-12k,1-3年,不限,"前沿技术,弹性时间,欢乐氛围,职业发展"
大数据开发,杭州菱歌数字科技有限公司,15-50人,2021-01-06 18:13:56,北京,10k-12k,1-3年,不限,"前沿技术,弹性时间,欢乐氛围,职业发展"
大数据开发工程师 (MJ000724),北京轻松筹网络科技有限公司,500-2000人,2021-01-06 18:05:08,北京,20k-40k,3-5年,本科,六险一金/季度奖/带薪年假/年终奖
高级大数据开发工程师,北京汉迪移动互联网科技股份有限公司,150-500人,2021-01-06 18:02:04,北京,30k-60k,5-10年,本科,豪华团队/成长空间/办公福利
大数据开发工程师,北京字节跳动科技有限公司,2000人以上,2021-01-06 03:58:34,杭州,30k-60k,3-5年,本科,"下午茶,健身瑜伽,六险一金,股票期权"
大数据平台开发工程师,深圳白骑士科技有限公司,50-150人,2021-01-06 18:00:21,深圳,15k-30k,1-3年,本科,发展前景，成长空间，行业大牛，培训机制
资深大数据开发工程师,北京全量全速科技有限公司,50-150人,2021-01-06 10:05:24,北京,28k-40k,5-10年,本科,期权激励
大数据开发,深圳市博悦科创科技有限公司,500-2000人,2021-01-06 17:51:10,深圳,12k-17k,1-3年,本科,双休五险一金年终奖定期体检年度旅游下午茶
资深大数据开发工程师,深圳万顺叫车云信息技术有限公司北京信息技术分公司,2000人以上,2021-01-06 17:45:27,北京,25k-45k,5-10年,本科,福利待遇：入职缴纳五险一金，生日、节日福利
大数据开发,广州探迹科技有限公司,500-2000人,2021-01-06 17:25:10,广州,20k-35k,5-10年,本科,大数据AI 五险一金 期权激励 扁平管理
实时大数据开发,秒针信息技术有限公司,2000人以上,2021-01-06 17:38:46,北京,20k-25k,3-5年,本科,六险一金 年终奖金 年度体检 超长假期
技术开发工程师（面向大数据、AI等前沿领域）,前锦网络信息技术（上海）有限公司北京分公司,500-2000人,2021-01-06 17:29:35,北京,20k-40k,5-10年,本科,稳定，大平台
高级大数据开发工程师,海致网络技术（北京）有限公司,150-500人,2021-01-06 17:22:14,深圳,35k-40k,5-10年,本科,福利待遇好、发展空间大
BI大数据开发助理,上海美特斯邦威服饰股份有限公司,2000人以上,2021-01-06 17:51:01,上海,8k-12k,1-3年,本科,五险一金，商业保险，加班补贴，免费班车
大数据开发,深圳市睿服科技有限公司,2000人以上,2021-01-06 17:07:27,深圳,15k-20k,1-3年,本科,大型团队、完善的薪酬体系
大数据开发工程师,青岛乾璟昶盛信息服务有限公司,50-150人,2021-01-06 08:26:06,青岛,6k-10k,在校/应届,大专,公司重点项目
大数据开发工程师 （数据平台产品）-BJ,北京深演智能科技股份有限公司,150-500人,2021-01-06 20:55:40,北京,18k-35k,3-5年,本科,扁平化管理;技术氛围好
大数据开发,无锡雪浪数制科技有限公司,150-500人,2021-01-06 17:08:49,无锡,16k-25k,5-10年,本科,人工智能独角兽 13薪 15天带薪年假 定期体检
大数据开发,赢火虫信息科技（上海）有限公司,150-500人,2021-01-06 17:10:41,上海,18k-30k,3-5年,本科,一个岗位成就一番事业
大数据开发工程师（研发中心）,四川久远银海软件股份有限公司,2000人以上,2021-01-06 17:04:12,成都,10k-15k,3-5年,本科,五险一金，年终奖，生日福利
大数据应用平台开发工程师,北京世纪好未来教育科技有限公司,2000人以上,2021-01-06 16:53:56,北京,20k-35k,5-10年,本科,公司环境佳 领导nice 大牛团队
大数据开发,北京魔力耳朵科技有限公司,500-2000人,2021-01-06 16:34:47,北京,15k-28k,3-5年,本科,五险一金，周末双休
中级大数据开发,浙江数新网络有限公司,50-150人,2021-01-06 16:56:05,杭州,11k-20k,1-3年,本科,五险一金补充医疗保险定期体检年终奖
大数据开发,浙江数新网络有限公司,50-150人,2021-01-06 16:56:04,杭州,15k-30k,3-5年,本科,五险一金补充医疗保险定期体检年终奖
大数据开发,宁波小遛共享信息科技有限公司,2000人以上,2021-01-06 16:50:02,杭州,15k-20k,1-3年,本科,"薪资待遇高,工作氛围好"
java应用开发（大数据）,宁波小遛共享信息科技有限公司,2000人以上,2021-01-06 16:50:02,杭州,15k-20k,1-3年,本科,"薪资待遇高,工作氛围好"
APM大数据开发工程师,腾讯科技（深圳）有限公司,2000人以上,2021-01-06 16:20:29,上海,25k-50k,3-5年,本科,福利待遇/年终奖/职业发展
高级大数据开发工程师,大启科技（上海）有限公司,15-50人,2021-01-06 16:19:25,上海,20k-40k,5-10年,本科,加班少 福利好 氛围好
Java/Scala高级开发工程师（大数据方向）,易玩（上海）网络科技有限公司,50-150人,2021-01-06 16:15:25,上海,21k-40k,3-5年,本科,福利好/待遇优/发展好
大数据开发工程师（Java+Spark）,奥解思信息科技（上海）有限公司,500-2000人,2021-01-06 16:31:56,上海,15k-20k,3-5年,本科,美资投行，世界百强
高级大数据开发工程师,中华联合财产保险股份有限公司,2000人以上,2021-01-06 16:22:38,杭州,20k-35k,3-5年,本科,六险一金，完善的福利体系
大数据开发工程师（Java+Spark）,奥解思信息科技（上海）有限公司,500-2000人,2021-01-06 16:31:56,上海,15k-20k,3-5年,本科,美资投行，世界百强
高级大数据开发工程师,中华联合财产保险股份有限公司,2000人以上,2021-01-06 16:22:38,杭州,20k-35k,3-5年,本科,六险一金，完善的福利体系
大数据开发工程师-数据仓库方向,深圳小鹅网络技术有限公司,500-2000人,2021-01-06 16:35:33,深圳,20k-30k,5-10年,本科,团队氛围好，发展前景好
大数据开发工程师（Python/shell）,广州雳德信息科技有限公司,50-150人,2021-01-06 16:36:16,广州,15k-22k,5-10年,本科,大型项目央企上班周末双休中台
Soul App-大数据开发,上海任意门科技有限公司,500-2000人,2021-01-06 16:01:16,北京,30k-45k,1-3年,本科,技术大牛
大数据ETL开发工程师,北京嘀嘀无限科技发展有限公司,2000人以上,2021-01-06 16:15:16,北京,20k-40k,1-3年,本科,参与核心项目
大数据应用开发工程师,深圳市赢时胜信息技术股份有限公司,500-2000人,2021-01-06 15:31:35,上海,12k-20k,3-5年,本科,技术新，团队融洽
大数据开发（数据仓库方向）,上海尚诚消费金融股份有限公司,150-500人,2021-01-06 16:11:51,上海,15k-25k,3-5年,本科,福利好、发展前景广阔
大数据开发（JAVA开发工程师方向）,上海尚诚消费金融股份有限公司,150-500人,2021-01-06 16:11:51,上海,15k-25k,3-5年,本科,福利好、发展前景广阔
高级大数据应用开发,联洋国融（北京）科技有限公司,50-150人,2021-01-06 15:56:04,北京,15k-20k,不限,本科,海量数据、每天上百亿条数据、数据量50T
大数据数仓开发,武汉朗蕴科技有限公司,50-150人,2021-01-06 15:55:21,武汉,10k-16k,1-3年,大专,周末双休，五险一金，定期体检，团队旅游
大数据开发leader,上海格罗夫信息科技有限公司,500-2000人,2021-01-06 15:45:45,上海,35k-50k,5-10年,本科,午晚餐
大数据运维开发工程师,爱笔（北京）智能科技有限公司,150-500人,2021-01-06 15:34:04,北京,15k-30k,3-5年,大专,准独角兽
大数据开发工程师(J11850),秒针信息技术有限公司,2000人以上,2021-01-06 15:26:07,西安,10k-15k,1-3年,本科,发展前景好，公司福利好
高级大数据开发工程师,安克创新科技股份有限公司,500-2000人,2021-01-06 10:14:30,深圳,20k-35k,5-10年,本科,"专业团队,人工智能,国际化平台,福利多"
大数据开发工程师（OLAP方向）,贝壳找房（北京）科技有限公司,2000人以上,2021-01-06 15:22:33,北京,30k-50k,5-10年,本科,领导nice，团队氛围好，公司上升期
（数仓建模）大数据开发工程师,大启科技（上海）有限公司,15-50人,2021-01-06 15:33:53,上海,20k-35k,5-10年,本科,培训学习、待遇好、加班少、交通便利
大数据开发工程师（长沙）,南京华飞数据技术有限公司,150-500人,2021-01-06 15:26:10,长沙,9k-12k,1-3年,本科,年终奖六险一金饭贴车贴绩效奖定期体检
高级大数据开发工程师,北京国双科技有限公司,500-2000人,2021-01-06 14:59:39,北京,15k-25k,3-5年,本科,上市公司背景、五险一金、大平台
大数据开发工程师,深圳趣运科技有限公司,50-150人,2021-01-06 10:29:06,深圳,18k-25k,1-3年,本科,福利丰厚 氛围活跃 领导nice
腾讯新闻大数据开发工程师,腾讯科技（深圳）有限公司,2000人以上,2021-01-06 14:47:46,北京,25k-50k,1-3年,本科,战略产品
高级大数据开发工程师,北京心更远科技发展有限公司,2000人以上,2021-01-06 15:06:42,北京,20k-35k,5-10年,本科,七险一金；带薪年假
大数据开发工程师,中国平安财产保险股份有限公司,2000人以上,2021-01-06 00:00:09,深圳,20k-40k,5-10年,本科,"专业团队,大平台,薪酬,尊重"
大数据开发工程师 (MJ000190),北京翼鸥教育科技有限公司,150-500人,2021-01-06 15:01:56,北京,25k-45k,3-5年,本科,氛围OPEN 弹性工作 晋升迅速 下午茶
资深大数据开发工程师/架构师,深圳市云积分科技有限公司,150-500人,2021-01-06 14:51:12,杭州,25k-50k,5-10年,本科,周末双休、团队年轻、主题下午茶，股权激励
大数据开发工程师双休国企单位,广州雳德信息科技有限公司,50-150人,2021-01-06 15:13:35,广州,15k-22k,5-10年,本科,双休/五险一金/国企单位/大型项目/加班少
高级大数据开发工程师,好人生管理咨询（上海）有限公司,50-150人,2021-01-06 15:12:15,上海,20k-30k,3-5年,硕士,五险一金，商业保险，年度体检，EAP服务
大数据开发（数据仓库）,新浪网技术（中国）有限公司,2000人以上,2021-01-06 14:32:31,北京,18k-25k,3-5年,本科,五险一金，公司食堂，团队氛围好，成长空间
高级大数据开发工程师,佳都新太科技股份有限公司,2000人以上,2021-01-06 15:06:39,广州,25k-35k,5-10年,本科,上市公司+专业团队+有竞争力的薪酬福利
大数据开发工程师（机器学习方向）,佳都新太科技股份有限公司,2000人以上,2021-01-06 15:06:39,广州,25k-40k,3-5年,本科,上市公司+专业团队+有竞争力的薪酬福利
中级大数据开发,上海艾融软件股份有限公司,500-2000人,2021-01-06 15:03:11,上海,13k-16k,3-5年,本科,职位晋升，岗位津贴
Java开发工程师-BI大数据方向,深圳市酷客智能科技有限公司,150-500人,2021-01-06 14:23:09,深圳,15k-25k,3-5年,本科,公司发展快，节日礼物，年度旅游，团建生日会
大数据开发工程师(JWFT1),广州大蓝网络科技有限公司,150-500人,2021-01-06 14:01:21,广州,15k-20k,1-3年,本科,"下午茶, 六险一金, 晋升空间大"
大数据平台开发工程师,久远谦长（北京）技术服务有限公司,50-150人,2021-01-06 14:42:20,北京,15k-30k,1-3年,本科,福利待遇优厚，发展空间大，团队氛围好
大数据JAVA开发,成都华栖云科技有限公司,500-2000人,2021-01-06 14:28:37,成都,10k-15k,3-5年,本科,"弹性工作,扁平管理,下午茶"
大数据开发工程师（spark）(J10392),北京腾云天下科技有限公司,500-2000人,2021-01-06 14:20:55,北京,20k-30k,3-5年,本科,"大数据,行业领先,领导靠谱,学习氛围"
大数据开发工程师 (MJ000265),成都极米科技股份有限公司,2000人以上,2021-01-06 14:12:19,成都,12k-20k,不限,本科,大平台
大数据开发工程师 (MJ000055),南京蓝鲸人网络科技有限公司,150-500人,2021-01-06 14:31:13,北京,20k-35k,3-5年,本科,六险一金
大数据开发工程师,杭州商情智能有限公司,50-150人,2021-01-06 10:22:22,杭州,10k-18k,3-5年,本科,不定期团建，团队年轻有活力。
大数据开发工程师(J10434),北京腾云天下科技有限公司,500-2000人,2021-01-06 14:20:56,北京,15k-30k,不限,不限,独角兽；大数据；leader nice
大数据开发工程师 （后端）,广州富力地产股份有限公司,2000人以上,2021-01-06 14:06:31,广州,25k-41k,5-10年,本科,世界500强、扁平化管理
大数据开发,北京同程旅业投资集团有限公司,2000人以上,2021-01-06 14:32:45,苏州,10k-15k,3-5年,本科,发展前景好
大数据开发实习生,苏州工业园区凌志软件股份有限公司,2000人以上,2021-01-06 18:18:17,苏州,3k-4k,在校/应届,本科,技术氛围
高级大数据开发工程师,北京北明数科信息技术有限公司,150-500人,2021-01-06 14:01:36,广州,14k-25k,3-5年,本科,六险一金、周末双休、13薪
大数据开发主管,浙江安厨大数据技术有限公司,150-500人,2021-01-06 14:01:24,杭州,15k-30k,5-10年,本科,蓝海行业，不定期团建
资深大数据开发工程师,浙江安厨大数据技术有限公司,150-500人,2021-01-06 14:01:23,杭州,15k-30k,5-10年,大专,蓝海行业，不定期团建
大数据开发工程师｜上海｜实习有房补每月2K,上海瑛太莱信息科技有限公司,500-2000人,2021-01-06 17:45:09,上海,15k-25k,在校/应届,本科,2021校招岗位
大数据交付开发工程师-成都,神策网络科技（北京）有限公司,500-2000人,2021-01-06 13:48:53,成都,8k-13k,1-3年,不限,项目前景好，公司大牛多多多
大数据交付开发工程师-成都,神策网络科技（北京）有限公司,500-2000人,2021-01-06 13:48:52,成都,8k-13k,1-3年,本科,项目前景好，公司大牛多多多
java初级开发工程师（实习校招+大数据方向）,四川黑板报文化传播有限公司,50-150人,2021-01-06 10:39:36,成都,3k-4k,在校/应届,本科,发展前景好
大数据开发工程师,北京字节跳动科技有限公司,2000人以上,2021-01-06 04:03:37,北京,25k-50k,3-5年,本科,"下午茶,健身瑜伽,六险一金,扁平管理"
大数据平台开发工程师,北京奇艺世纪科技有限公司,2000人以上,2021-01-06 13:23:47,上海,25k-50k,5-10年,本科,发展前景
课程开发（AI大数据方向）,微慕客（成都）科技有限公司,50-150人,2021-01-06 13:49:44,成都,15k-25k,3-5年,不限,五险一金 周末双休 微软项目
大数据架构师,北京智齿博创科技有限公司,150-500人,2021-01-06 15:16:52,北京,30k-40k,10年以上,本科,全额五险一金，周末双休
大数据开发,恒生电子股份有限公司,2000人以上,2021-01-06 17:37:53,杭州,18k-30k,5-10年,本科,没有加班文化，氛围好
大数据开发工程师（JAVA）,国农（重庆）生猪大数据产业发展有限公司,15-50人,2021-01-06 17:36:53,重庆,10k-19k,3-5年,本科,国企平台、年轻团队、五险一金、周末双休
（大数据专场）大数据运维开发工程师/专家,北京达佳互联信息技术有限公司,2000人以上,2021-01-06 12:35:56,北京,20k-40k,3-5年,本科,"福利好,成长快"
（大数据专场）Java开发工程师/专家-【数据架构】,北京达佳互联信息技术有限公司,2000人以上,2021-01-06 12:35:56,北京,20k-40k,3-5年,本科,"福利多,成长快"
大数据平台开发工程师,北京高灵智腾信息科技有限公司,50-150人,2021-01-06 12:57:11,北京,20k-25k,3-5年,本科,集团化运作、年终奖金、大牛带队、专家坐镇
大数据开发,山东瑞恒东顺网络科技有限公司,50-150人,2021-01-06 16:46:11,北京,40k-60k,5-10年,本科,大厂
大数据开发实习生,杭州知衣科技有限公司,50-150人,2021-01-06 17:47:20,杭州,2k-3k,在校/应届,本科,大牛团队
java开发工程师（偏大数据方向）,广州九尾信息科技有限公司,150-500人,2021-01-06 16:31:51,广州,13k-20k,3-5年,本科,五险一金，定期团建，节日福利，年终奖金
高级大数据开发工程师,海南高图网络科技有限公司,50-150人,2021-01-06 11:41:36,广州,15k-30k,3-5年,本科,双休 成长快 薪酬福利好
大数据组件开发工程师,网易（杭州）网络有限公司,2000人以上,2021-01-06 11:54:22,广州,15k-25k,3-5年,本科,16薪，平台大，大牛多
大数据平台开发工程师,来未来科技（浙江）有限公司,150-500人,2021-01-06 11:12:20,杭州,15k-30k,3-5年,本科,聚一群有情义的人做成有意义的事。
高级大数据开发工程师,北京长亭未来科技有限公司,150-500人,2021-01-06 12:03:41,北京,20k-40k,3-5年,本科,技术大牛多 阿里云全资子公司
大数据组件高级开发,OPPO广东移动通信有限公司,2000人以上,2021-01-06 11:11:31,深圳,20k-40k,5-10年,本科,"弹性工作,股票期权,奖金丰厚,福利待遇好"
资深大数据开发工程师,上海维信荟智金融科技有限公司,2000人以上,2021-01-06 11:23:44,上海,25k-35k,3-5年,本科,团队氛围佳 发展空间大
大数据开发工程师（应届）（EPM1kt）J12154,北京东方国信科技股份有限公司,2000人以上,2021-01-06 15:30:28,北京,3k-5k,在校/应届,本科,13薪、年终奖、带薪年假、定期体检
高级大数据开发工程师,飞书深诺数字科技（上海）有限公司,500-2000人,2021-01-06 11:24:42,上海,20k-30k,3-5年,本科,互联网广告
PCG-创新项目大数据开发工程师,腾讯科技（深圳）有限公司,2000人以上,2021-01-06 14:47:45,深圳,30k-60k,不限,本科,腾讯福利 期权股票 节假日 应有尽有
大数据开发工程师(J12092),秒针信息技术有限公司,2000人以上,2021-01-06 11:15:29,上海,15k-30k,3-5年,本科,重点项目
大数据研发工程师,贝壳找房（北京）科技有限公司,2000人以上,2021-01-06 19:46:42,北京,25k-40k,3-5年,本科,发展空间大、福利好、免费三餐
大数据JAVA开发工程师,民生易贷（珠海）互联网金融信息服务有限公司,150-500人,2021-01-06 10:45:49,武汉,10k-15k,1-3年,不限,"双休,定期体检,节日福利,六险一金"
开发工程师（大数据-数仓）,上海二三四五网络科技有限公司,500-2000人,2021-01-06 10:42:27,上海,20k-30k,3-5年,本科,上市公司，六险一金，平台好发展空间大
大数据平台开发工程师 (MJ003227),广州华多网络科技有限公司,2000人以上,2021-01-06 10:49:53,广州,20k-40k,5-10年,不限,健身房；餐补；免费咖啡
JAVA开发（数据大数据算法方向）,上海英方软件股份有限公司,150-500人,2021-01-06 10:25:48,上海,24k-48k,5-10年,本科,期权，IT周末双休，自有专利，发展迅速
JAVA开发（数据算法大数据方向）,上海英方软件股份有限公司,150-500人,2021-01-06 10:25:48,北京,24k-48k,5-10年,本科,期权奖励，IT周末双休，自有研发专利发展迅速
中级大数据开发工程师,成都民航西南凯亚有限责任公司,150-500人,2021-01-06 10:59:12,成都,8k-10k,3-5年,本科,国企直签
大数据平台高级开发工程师 (MJ003488),广州华多网络科技有限公司,2000人以上,2021-01-06 10:49:50,广州,30k-50k,5-10年,本科,健身房；餐补；免费咖啡
大数据开发工程师-测量测绘方向,建信金融科技有限责任公司,2000人以上,2021-01-06 11:24:26,北京,20k-40k,5-10年,本科,六险二金
高级大数据开发工程师,北京友友天宇系统技术有限公司,150-500人,2021-01-06 10:42:17,北京,15k-30k,5-10年,本科,补贴，晋级，13薪
中高级大数据开发工程师,北京友友天宇系统技术有限公司,150-500人,2021-01-06 10:42:18,北京,13k-25k,3-5年,本科,补贴，晋级，13薪
大数据研发工程师,深圳市爱租机科技有限公司,150-500人,2021-01-06 19:25:11,深圳,15k-25k,3-5年,本科,五险一金、年度体检、员工团建、调薪激励
大数据开发（实时方向）,北京欧应信息技术有限公司,150-500人,2021-01-06 10:21:13,北京,20k-40k,3-5年,本科,全额五险一金 年终奖
大数据开发工程师（校招）,在线途游（北京）科技有限公司,150-500人,2021-01-06 15:07:00,北京,10k-20k,在校/应届,不限,五险一金，年底双薪，餐补下午茶 近地铁站
大数据开发工程师（2021校招）,上海莉莉丝科技股份有限公司,500-2000人,2021-01-06 14:45:17,上海,14k-20k,在校/应届,本科,超多大牛、发展前景好、薪资待遇佳
安全大数据开发专家/架构师,北京三快在线科技有限公司,2000人以上,2021-01-06 11:01:40,北京,40k-60k,不限,不限,发展空间大
大数据平台开发工程师,腾讯科技（深圳）有限公司,2000人以上,2021-01-06 09:53:51,深圳,20k-40k,不限,本科,海量数据处理经验
【2021校招】Java开发工程师（大数据方向）,北京陌陌科技有限公司,500-2000人,2021-01-06 14:37:51,北京,18k-22k,在校/应届,本科,团队氛围好；上升空间大；福利多
大数据应用开发工程师,天津店主助手科技有限公司北京分公司,150-500人,2021-01-06 10:18:35,北京,18k-28k,3-5年,大专,领导好项目好，有创业精神的能获得回报。
大数据平台开发工程师,鸿泰鼎石资产管理有限责任公司,500-2000人,2021-01-06 10:54:50,北京,16k-24k,3-5年,本科,平台稳定、免费食堂、团队氛围佳
大数据开发,成都昕月互动科技有限公司,150-500人,2021-01-06 10:49:17,成都,12k-20k,1-3年,本科,"五险一金,周末双休,年底奖金,氛围轻松"
大数据开发,广东联通通信建设有限公司,150-500人,2021-01-06 09:54:51,广州,8k-12k,3-5年,本科,五险一金 通讯补贴 绩效奖金 年终奖金
无人车-大数据开发工程师,北京三快在线科技有限公司,2000人以上,2021-01-06 20:00:00,北京,20k-40k,不限,不限,大牛多，成长快，产品前景好
Java大数据开发工程师,深圳市懒人在线科技有限公司,150-500人,2021-01-06 09:46:21,深圳,14k-20k,3-5年,大专,"5天7小时,工作氛围好,成长空间大"
大数据开发（技术产品部）(J11589),朗新科技集团股份有限公司,2000人以上,2021-01-06 09:39:45,杭州,13k-25k,3-5年,不限,五险一金/补充商业保险/双休
大数据开发工程师（资产托管）,国泰君安证券股份有限公司,2000人以上,2021-01-06 10:33:15,上海,20k-25k,3-5年,本科,国内领先地位的知名券商公司
大数据开发,上海海万信息科技股份有限公司,500-2000人,2021-01-06 09:41:15,上海,12k-20k,3-5年,不限,"五险一金,过节福利,生日礼金,旅游、体检"
软件开发工程师（大数据方向）,上海农村商业银行股份有限公司,500-2000人,2021-01-06 10:31:54,上海,20k-30k,3-5年,本科,发展前景好，福利待遇好
高级大数据开发工程师,北京值得买科技股份有限公司,500-2000人,2021-01-06 09:37:09,北京,30k-40k,5-10年,本科,大数据 扁平化 电商导流
大数据开发leader,北京金堤科技有限公司,500-2000人,2021-01-06 09:20:15,北京,30k-50k,5-10年,本科,发展前景大
大数据ETL开发 (MJ000046),深圳市赢时胜信息技术股份有限公司,500-2000人,2021-01-06 09:26:17,北京,15k-25k,3-5年,不限,核心项目、数据中台
Java开发工程师（大数据方向）,北京高思博乐教育科技股份有限公司,2000人以上,2021-01-06 10:21:22,北京,20k-35k,3-5年,本科,六险一金，弹性工作，周末双休，绩效奖金
大数据研发工程师,北京牛电科技有限责任公司,500-2000人,2021-01-06 18:19:01,北京,20k-30k,5-10年,本科,上市公司 五险一金 技术氛围
大数据开发工程师(中高级/六险一金),上海金大师网络科技有限公司,500-2000人,2021-01-06 09:27:13,上海,15k-30k,3-5年,本科,六险一金 周末双休 带薪年假 节假日补贴
资深大数据开发/架构师,杭州艾耕科技有限公司,150-500人,2021-01-06 09:51:19,杭州,25k-50k,3-5年,本科,AI技术大牛+工程师文化+扁平化管理
大数据平台高级开发工程师 (MJ003488),广州华多网络科技有限公司,2000人以上,2021-01-06 10:49:31,杭州,30k-50k,5-10年,本科,健身房；餐补；免费咖啡
29569-大数据应用开发工程师,腾讯科技（深圳）有限公司,2000人以上,2021-01-06 09:53:50,深圳,20k-40k,3-5年,本科,腾讯
腾讯音乐大数据开发工程师（深圳）,腾讯科技（深圳）有限公司,2000人以上,2021-01-06 09:36:58,深圳,20k-30k,3-5年,本科,大平台
大数据架构师,上海道客网络科技有限公司,150-500人,2021-01-06 18:37:20,上海,35k-45k,10年以上,本科,五险一金、补充医疗险、年终奖金
大数据平台开发工程师,因诺（上海）资产管理有限公司,15-50人,2021-01-06 10:08:14,北京,30k-45k,3-5年,本科,"扁平管理,牛人团队,超高绩效奖金,六险一金"
大数据工程师|大数据开发工程师(J20716),携程计算机技术（上海）有限公司,2000人以上,2021-01-06 10:13:21,上海,12k-20k,1-3年,不限,薪资福利好，团队氛围佳，发展前景好
大数据架构师,钛马信息网络技术有限公司,150-500人,2021-01-06 18:24:47,上海,15k-30k,5-10年,本科,大数据
大数据开发工程师(J10652),中和农信项目管理有限公司,2000人以上,2021-01-06 09:20:49,长沙,12k-16k,3-5年,本科,技术大牛 团队氛围好 绩效奖金
大数据架构师,新疆维吾尔自治区广播电视研究所,150-500人,2021-01-06 18:18:39,成都,20k-30k,5-10年,本科,五险一金 周末双休 地铁周边 扁平化管理
资深大数据开发工程师,北京国双科技有限公司,500-2000人,2021-01-06 09:39:45,北京,22k-36k,5-10年,本科,六险一金，绩效奖金，发展前景好
千寻位置-资深大数据开发工程师,千寻位置网络有限公司,500-2000人,2021-01-06 09:19:30,上海,15k-30k,5-10年,本科,餐补 补充商保 补充公积金 不打卡
高级大数据开发工程师,广州赞赏信息科技有限公司,150-500人,2021-01-06 09:11:57,广州,15k-25k,3-5年,本科,五险一金 午餐晚餐 年终奖 薪资福利优
高级大数据开发工程师,浙江诺诺网络科技有限公司,500-2000人,2021-01-06 08:40:16,杭州,15k-22k,3-5年,本科,大平台 强背景 行业领头羊 技术提升
大数据开发,阳光保险集团股份有限公司,2000人以上,2021-01-06 13:34:57,北京,18k-35k,5-10年,本科,大平台、人性化、正常上下班
大数据开发工程师,智运通（北京）科技有限责任公司,15-50人,2021-01-05 20:16:07,北京,18k-25k,3-5年,本科,工作氛围好
高级大数据开发工程师,上海贝耳塔信息技术有限公司,150-500人,2021-01-06 09:31:14,上海,30k-45k,3-5年,本科,"股票期权,丰厚年终奖,成长空间大,前沿科技"
大数据平台开发工程师,上海美甄企业管理咨询有限公司,15-50人,2021-01-06 09:53:17,上海,50k-60k,不限,不限,知名奢侈品集团
大数据开发工程师,北京小米科技有限责任公司,2000人以上,2021-01-05 19:51:14,北京,25k-40k,5-10年,本科,发展空间、年终奖金、技术氛围浓厚
大数据架构师,广州探迹科技有限公司,500-2000人,2021-01-06 17:25:09,广州,30k-40k,5-10年,本科,大数据AI 五险一金 期权激励 扁平管理
大数据开发高级工程师,北京车和家信息技术有限责任公司,2000人以上,2021-01-06 09:03:26,北京,25k-50k,5-10年,本科,"公司有前景,平台大,领导好,六险一金"
大数据开发工程师（小组leader）,深圳平安综合金融服务有限公司,2000人以上,2021-01-06 09:15:05,上海,25k-50k,5-10年,本科,福利待遇优厚，发展前景广阔
大数据开发工程师（数据开发方向）,深圳平安综合金融服务有限公司,2000人以上,2021-01-06 09:15:05,深圳,25k-50k,3-5年,本科,福利待遇优厚，发展前景广阔
大数据开发工程师（广州）,广州滴普科技有限公司,500-2000人,2021-01-06 08:39:42,广州,18k-30k,3-5年,本科,多次调薪 年终奖
大数据平台开发工程师,税友软件集团股份有限公司,2000人以上,2021-01-06 08:55:55,杭州,15k-30k,3-5年,本科,数据平台
大数据架构师,外文在线（广州）数字信息技术有限责任公司,50-150人,2021-01-06 17:24:47,广州,25k-40k,5-10年,本科,有食宿 有晋升 有奖金 有福利 有假期 有活动
大数据开发工程师,北京字节跳动科技有限公司,2000人以上,2021-01-06 03:41:46,北京,25k-45k,3-5年,本科,六险一金，弹性工作，免费三餐，租房补贴
大数据架构师,广发银行股份有限公司信用卡中心,2000人以上,2021-01-06 16:47:53,广州,20k-35k,5-10年,本科,双休、福利完善、正式卡中心行员编制
大数据研发工程师,创而新（北京）教育科技有限公司,150-500人,2021-01-06 17:00:27,北京,10k-20k,1-3年,本科,五险一金 餐补 交通补助 年假
大数据开发工程师,北京字节跳动科技有限公司,2000人以上,2021-01-06 03:42:00,北京,30k-60k,3-5年,本科,六险一金，弹性工作，免费三餐
大数据架构师,阿里巴巴（中国）网络技术有限公司,2000人以上,2021-01-06 20:53:31,杭州,30k-60k,5-10年,本科,发展空间大、股票多多
大数据架构师,TCL实业控股股份有限公司,2000人以上,2021-01-06 17:10:55,上海,30k-60k,3-5年,本科,空间大
大数据架构师,上海微盟企业发展有限公司,2000人以上,2021-01-06 17:00:00,上海,38k-60k,5-10年,本科,上市公司
大数据开发工程师,南京青麦供应链有限公司,50-150人,2021-01-05 18:42:37,南京,12k-18k,1-3年,本科,五险一金 弹性上班 股票期权
大数据研发工程师,深圳市顺丰同城物流有限公司,2000人以上,2021-01-06 16:31:43,北京,15k-30k,1-3年,本科,弹性工作时间。环境福利待遇好。团队领导好
大数据工程师,深圳市客路网络科技有限公司,500-2000人,2021-01-06 08:20:34,深圳,25k-30k,3-5年,本科,D+轮独角兽企业
大数据运维工程师,深圳市客路网络科技有限公司,500-2000人,2021-01-06 08:20:33,深圳,25k-30k,3-5年,本科,D+轮融资
大数据开发工程师,上海贝海网络科技有限公司,500-2000人,2021-01-05 17:54:22,上海,15k-30k,5-10年,本科,外企、福利待遇好
大数据开发工程师,联通（广东）产业互联网有限公司,500-2000人,2021-01-05 17:35:48,广州,12k-24k,3-5年,本科,发展
大数据产品经理,北京拉勾网络技术有限公司,500-2000人,2021-01-05 09:37:45,北京,15k-30k,3-5年,本科,"发展空间大,弹性工作制,领导Nice"
大数据研发工程师,泰康资产管理有限责任公司,500-2000人,2021-01-06 16:28:37,北京,35k-55k,3-5年,本科,大平台、发展空间大、管理规范、福利待遇佳
大数据架构师,中邮信息科技（北京）有限公司,500-2000人,2021-01-06 16:19:56,北京,50k-60k,5-10年,本科,六险二金 食堂 工会福利 平台稳定 旅游
大数据开发工程师,北京小米科技有限责任公司,2000人以上,2021-01-05 18:49:51,北京,25k-50k,1-3年,本科,"大牛云集,各种福利"
大数据讲师,北京拉勾网络技术有限公司,500-2000人,2020-12-31 14:55:06,北京,25k-40k,5-10年,本科,领导Nice 稳定职业
大数据研发工程师,深圳市北斗智能科技有限公司,150-500人,2021-01-06 16:05:29,深圳,15k-25k,1-3年,本科,年轻团队有活力、福利多多
大数据架构师,北京易观智库网络科技有限公司,150-500人,2021-01-06 15:35:19,北京,50k-80k,10年以上,本科,互联网大数据领先品牌 六险一金 弹性工作
大数据架构师,北京北明数科信息技术有限公司,150-500人,2021-01-06 15:59:59,广州,15k-25k,3-5年,本科,五险一金，班车接送，周末双休
大数据研发工程师,北京易观智库网络科技有限公司,150-500人,2021-01-06 15:35:18,北京,25k-40k,3-5年,本科,六险一金 弹性工作 快速成长
大数据开发工程师,北京当当网信息技术有限公司,2000人以上,2021-01-05 18:10:44,北京,23k-45k,5-10年,本科,知名电商 成长空间大 弹性制 福利丰厚
中级大数据开发工程师,广东方纬科技有限公司,50-150人,2021-01-06 10:34:30,上海,12k-18k,3-5年,本科,专业团队 五险一金 年终奖金 带薪年假 双休
金融业务数据开发工程师,深圳虾皮信息科技有限公司,500-2000人,2021-01-05 17:00:54,深圳,30k-50k,3-5年,本科,"东南亚电商,大牛多,假期多,团队氛围好"
大数据架构师,深圳市云房网络科技有限公司,500-2000人,2021-01-06 15:51:02,深圳,25k-50k,5-10年,本科,周末双休、年度旅游、福利奖金
高级Java开发工程师（大数据方向）,西安亚购信息科技有限公司,50-150人,2021-01-06 10:50:37,西安,12k-18k,5-10年,本科,"五险一金,十三薪,年终奖,餐补"
大数据开发工程师,上海阅文信息技术有限公司,500-2000人,2021-01-05 15:20:44,上海,20k-40k,不限,本科,"Top团队,福利好,环境佳,发展快"
大数据架构师,北京诸葛云游科技有限公司,50-150人,2021-01-06 15:38:28,北京,20k-40k,3-5年,本科,五险一金 带薪年假 定期团建
大数据开发工程师,深圳市斯凯荣科技有限公司,150-500人,2021-01-05 17:30:46,深圳,15k-20k,3-5年,本科,发展前景
大数据开发工程师,上海阅文信息技术有限公司,500-2000人,2021-01-05 15:20:46,上海,20k-40k,3-5年,本科,优秀团队，定期团建，带薪年假
大数据开发工程师,算话智能科技有限公司,50-150人,2021-01-05 17:03:40,上海,10k-20k,1-3年,本科,优秀团队、股票期权、绩效奖金、福利补贴
大数据开发工程师,算话智能科技有限公司,50-150人,2021-01-05 17:03:40,上海,15k-30k,3-5年,大专,优秀团队、股权激励、福利津贴
JAVA开发工程师（大数据）,杭州海康威视数字技术股份有限公司,2000人以上,2021-01-06 11:02:40,武汉,15k-30k,3-5年,本科,大平台 六险一金 晋升通路 带薪年假
大数据开发助理,郑州磐星网络科技有限公司,50-150人,2021-01-06 10:07:31,郑州,3k-5k,在校/应届,本科,五险一金，双休，住宿
大数据开发工程师(J11780),朗新科技集团股份有限公司,2000人以上,2021-01-06 09:39:49,无锡,8k-12k,在校/应届,本科,六险一金 周末双休 不打卡 年度体检
大数据架构师,用友网络科技股份有限公司,2000人以上,2021-01-06 15:14:36,北京,40k-60k,5-10年,本科,五险一金、弹性工作、定期体检、交通补助
大数据开发工程师/双休/8k+,青岛大红薯信息技术有限公司,150-500人,2021-01-06 09:36:28,青岛,8k-10k,不限,不限,周末双休，法定假日正常休息，大数据开发
大数据架构师,绿漫科技有限公司,50-150人,2021-01-06 14:53:02,杭州,20k-30k,5-10年,本科,发展空间大、五险一金、旅游团建、
大数据开发工程师,創源国際株式会社,15-50人,2021-01-05 16:07:55,海外,22k-44k,5-10年,本科,赴日就职，环境优越，福利优厚
【校招】大数据开发工程师,北京金堤科技有限公司,500-2000人,2021-01-06 09:20:13,北京,15k-25k,在校/应届,不限,发展前景大
大数据架构师,浙江华坤道威数据科技有限公司,150-500人,2021-01-06 14:26:31,杭州,20k-40k,5-10年,本科,五险一金；年终奖
大数据架构师,特赞（上海）信息科技有限公司,150-500人,2021-01-06 14:46:24,上海,35k-45k,5-10年,本科,宽松的发展平台 精英团队 不打卡 互联网
大数据架构师,用友网络科技股份有限公司,2000人以上,2021-01-06 14:28:47,北京,30k-50k,5-10年,本科,稳定大平台，业务营收好，福利完善，股票
大数据研发工程师,北京必示科技有限公司,150-500人,2021-01-06 14:06:45,北京,25k-50k,5-10年,本科,AI
大数据研发工程师,深圳大地云坞科技有限公司,150-500人,2021-01-06 14:38:17,北京,15k-25k,3-5年,本科,福利待遇好 发展前景大
大数据开发工程师,杭州有赞科技有限公司,2000人以上,2021-01-05 14:00:37,杭州,20k-40k,3-5年,不限,发展空间大
02410N-大数据测试工程师（初级\资深）,中国平安人寿保险股份有限公司,2000人以上,2021-01-06 21:21:38,深圳,15k-30k,3-5年,本科,"五险一金,带薪年假,节日福利,定期体检"
