转发时间,所在地区,发布平台,用户昵称,性别,出生日期
2021-04-14 16:40:00,新疆,微博 weibo.com,巴里坤县网信巡查执法,m,
2021-04-14 16:39:35,新疆,微博 weibo.com,巴里坤县网信巡查执法,m,
2021-04-14 16:39:15,新疆,微博 weibo.com,巴里坤县网信巡查执法,m,
2021-04-14 16:38:42,新疆,微博 weibo.com,巴里坤县网信巡查执法,m,
2021-04-14 16:38:26,新疆,微博 weibo.com,巴里坤县网信巡查执法,m,
2021-04-14 16:30:30,新疆 阿勒泰,微博 weibo.com,阿勒泰市政府网,m,0001-00-00
2021-04-14 16:30:14,新疆 阿勒泰,微博 weibo.com,阿勒泰市政府网,m,0001-00-00
2021-04-14 16:29:57,新疆 阿勒泰,微博 weibo.com,阿勒泰市政府网,m,0001-00-00
2021-04-14 16:29:41,新疆 阿勒泰,微博 weibo.com,阿勒泰市政府网,m,0001-00-00
2021-04-14 16:29:24,新疆 阿勒泰,微博 weibo.com,阿勒泰市政府网,m,0001-00-00
2021-04-17 10:24:17,新疆 阿勒泰,微博 weibo.com,喀纳斯景区管委会,m,0001-00-00
2021-04-17 10:24:03,新疆 阿勒泰,微博 weibo.com,喀纳斯景区管委会,m,0001-00-00
2021-04-17 10:23:29,新疆 阿勒泰,微博 weibo.com,喀纳斯景区管委会,m,0001-00-00
2021-04-17 10:23:11,新疆 阿勒泰,微博 weibo.com,喀纳斯景区管委会,m,0001-00-00
2021-04-17 10:22:49,其他,HUAWEI P30 Pro,白天的星星空空,f,
2021-04-17 10:18:01,新疆 阿勒泰,微博 weibo.com,吉木乃县政府网站,m,0001-00-00
2021-04-17 10:06:55,新疆 阿勒泰,荣耀9 美得有声有色,哈巴河县政府网,m,0001-00-00
2021-04-17 10:06:46,新疆 阿勒泰,荣耀9 美得有声有色,哈巴河县政府网,m,0001-00-00
2021-04-17 09:54:11,新疆,iPhone客户端,QR二五零,m,1996-12-04
2021-04-17 09:38:48,重庆,新版微博 weibo.com,偶是九九,f,1999-09-09
2021-04-16 11:31:48,青海,OPPO Find X,奔be儿灞,f,
2021-04-16 11:31:27,新疆,微博 weibo.com,伊犁日报,m,0001-00-00
2021-04-16 11:30:50,新疆,微博 weibo.com,伊犁日报,m,0001-00-00
2021-04-16 11:29:59,新疆,微博 weibo.com,伊犁日报,m,0001-00-00
2021-04-16 11:28:13,新疆,微博 weibo.com,伊犁日报,m,0001-00-00
2021-04-16 11:27:05,新疆,微博 weibo.com,伊犁日报,m,0001-00-00
2021-04-16 11:24:52,新疆,微博 weibo.com,伊犁日报,m,0001-00-00
2021-04-16 11:15:43,,iPhone X,欧卖噶d,m,
2021-04-16 11:15:29,,iPhone X,欧卖噶d,m,
2021-04-16 11:15:15,,iPhone X,欧卖噶d,m,
2021-04-15 11:55:52,新疆 乌鲁木齐,微博视频号,小疆有话说,m,1990-01-15
2021-04-15 11:53:57,新疆 乌鲁木齐,微博视频号,小疆有话说,m,1990-01-15
2021-04-15 11:52:56,新疆 乌鲁木齐,微博视频号,小疆有话说,m,1990-01-15
2021-04-15 11:40:31,新疆 阿勒泰,微博小程序,新疆土豆丁,f,01-01
2021-04-15 11:35:32,新疆 乌鲁木齐,微博视频号,小疆有话说,m,1990-01-15
2021-04-15 11:33:24,新疆 乌鲁木齐,微博视频号,小疆有话说,m,1990-01-15
2021-04-15 11:31:59,新疆 乌鲁木齐,微博视频号,小疆有话说,m,1990-01-15
2021-04-15 11:30:25,新疆 乌鲁木齐,微博视频号,小疆有话说,m,1990-01-15
2021-04-15 11:27:58,新疆 乌鲁木齐,微博视频号,小疆有话说,m,1990-01-15
2021-04-15 11:27:06,陕西 西安,微博视频号,西安老方A,m,0001-00-00
2021-04-14 16:18:45,新疆 阿克苏,OPPO R9s,春风雨露228,f,1990-03-28
2021-04-14 16:05:46,新疆 阿克苏,OPPO R9s,春风雨露228,f,1990-03-28
2021-04-14 16:05:27,新疆 阿克苏,OPPO R9s,春风雨露228,f,1990-03-28
2021-04-14 16:05:03,新疆 阿克苏,OPPO R9s,春风雨露228,f,1990-03-28
2021-04-14 16:04:11,新疆 阿克苏,OPPO R9s,春风雨露228,f,1990-03-28
2021-04-14 16:02:20,新疆 阿克苏,OPPO R9s,春风雨露228,f,1990-03-28
2021-04-14 15:58:10,新疆 阿克苏,OPPO R9s,春风雨露228,f,1990-03-28
2021-04-14 15:53:09,新疆 阿克苏,OPPO R9s,春风雨露228,f,1990-03-28
2021-04-14 15:52:54,新疆 阿克苏,OPPO R9s,春风雨露228,f,1990-03-28
2021-04-14 15:52:37,新疆 阿克苏,OPPO R9s,春风雨露228,f,1990-03-28
2021-04-17 09:17:18,新疆,微博 weibo.com,巴里坤县网信巡查执法,m,
2021-04-17 09:16:47,新疆,微博 weibo.com,巴里坤县网信巡查执法,m,
2021-04-17 09:16:28,新疆,微博 weibo.com,巴里坤县网信巡查执法,m,
2021-04-17 09:16:08,新疆,微博 weibo.com,巴里坤县网信巡查执法,m,
2021-04-17 09:15:34,新疆,微博 weibo.com,巴里坤县网信巡查执法,m,
2021-04-17 09:15:12,新疆,微博 weibo.com,巴里坤县网信巡查执法,m,
2021-04-17 09:14:28,新疆,微博 weibo.com,巴里坤县网信巡查执法,m,
2021-04-17 09:14:11,新疆,微博 weibo.com,巴里坤县网信巡查执法,m,
2021-04-17 05:37:52,其他,HUAWEI Mate 10,用户6484682618,m,
2021-04-17 00:36:46,江苏 常州,HUAWEI Mate 20 Pro,船131719,m,
2021-04-16 11:15:00,,iPhone X,欧卖噶d,m,
2021-04-16 11:14:41,,iPhone X,欧卖噶d,m,
2021-04-16 10:57:36,新疆,HUAWEI Mate 10 Pro,ASN0202,m,
2021-04-16 10:53:22,贵州,小米8周年旗舰手机,老刘家的巴郎子,m,天秤座
2021-04-16 10:47:25,其他,HUAWEI P30 Pro,白天的星星空空,f,
2021-04-16 10:39:00,新疆 阿勒泰,微博 weibo.com,喀纳斯景区管委会,m,0001-00-00
2021-04-16 10:38:37,新疆 阿勒泰,微博 weibo.com,喀纳斯景区管委会,m,0001-00-00
2021-04-16 10:38:31,新疆,iPhone客户端,QR二五零,m,1996-12-04
2021-04-16 10:38:16,新疆 阿勒泰,微博 weibo.com,喀纳斯景区管委会,m,0001-00-00
2021-04-16 10:37:57,新疆 阿勒泰,微博 weibo.com,喀纳斯景区管委会,m,0001-00-00
2021-04-15 11:24:26,新疆 乌鲁木齐,微博视频号,小疆有话说,m,1990-01-15
2021-04-15 11:17:37,新疆 乌鲁木齐,Android,飞龙犹在克拉霉,m,巨蟹座
2021-04-15 11:17:28,新疆 乌鲁木齐,Android,飞龙犹在克拉霉,m,巨蟹座
2021-04-15 11:17:27,新疆,OPPO A91,请叫我正能量爆棚,f,1993-02-02
2021-04-15 11:17:19,新疆,vivo智能手机,我有大象耶,f,1998-01-05
2021-04-15 11:16:57,新疆,vivo智能手机,我有大象耶,f,1998-01-05
2021-04-15 11:15:43,新疆 乌鲁木齐,微博视频号,小疆有话说,m,1990-01-15
2021-04-15 11:13:51,新疆 阿克苏,Android,淩晨三点水的江哥,m,巨蟹座
2021-04-15 11:13:19,新疆 乌鲁木齐,微博视频号,小疆有话说,m,1990-01-15
2021-04-15 11:06:08,新疆,Android,阿勒泰发布,m,2012-02-24
2021-04-17 00:25:36,,nova8Pro我由我掌镜,Seterrrrrr,f,
2021-04-16 23:43:03,新疆 阿勒泰,HUAWEI Mate 10,阿勒泰视界,m,2016-01-01
2021-04-16 23:36:30,新疆 阿克苏,Android,塔河岸边小胡杨,m,巨蟹座
2021-04-16 23:17:02,新疆 克拉玛依,K30 至尊纪念版,纳纳刘,f,1998-10-15
2021-04-16 22:12:17,陕西 西安,Redmi K20 Pro 真旗舰,布衣佬的布衣,m,1993-11-19
2021-04-16 22:01:51,江苏 南京,OPPO Reno5 Pro 5G,梦之约0419,f,双鱼座
2021-04-16 21:53:58,新疆 阿克苏,vivo X50专业影像旗舰,张大懒爱陈小懒,f,
2021-04-16 21:18:09,新疆,魅族16sPro旗舰手机,巴依检,m,
2021-04-16 20:08:12,新疆,360安全浏览器,昌吉市融媒体中心,m,0001-00-00
2021-04-16 19:57:13,新疆,vivo Y70s 5G,小迷糊_687,m,
2021-04-14 15:52:37,新疆 阿克苏,OPPO R9s,春风雨露228,f,1990-03-28
2021-04-14 15:52:24,新疆 阿克苏,OPPO R9s,春风雨露228,f,1990-03-28
2021-04-14 15:52:11,新疆 阿克苏,OPPO R9s,春风雨露228,f,1990-03-28
2021-04-14 15:51:54,新疆 阿克苏,OPPO R9s,春风雨露228,f,1990-03-28
2021-04-14 15:51:38,新疆 阿克苏,OPPO R9s,春风雨露228,f,1990-03-28
2021-04-14 15:50:10,新疆 伊犁,微博搜索,伊犁绿河谷网,m,2013-01-01
2021-04-14 15:49:44,新疆 伊犁,微博搜索,伊犁绿河谷网,m,2013-01-01
2021-04-14 15:49:25,新疆 伊犁,微博搜索,伊犁绿河谷网,m,2013-01-01
2021-04-14 15:48:42,新疆 伊犁,微博搜索,伊犁绿河谷网,m,2013-01-01
2021-04-14 13:00:09,新疆 乌鲁木齐,荣耀V30 PRO 5G,威武的欢欢,m,1990-09-16
2021-04-16 10:27:13,新疆,360安全浏览器,拜城县融媒体中心,f,1980-01-01
2021-04-16 10:26:51,新疆,360安全浏览器,拜城县融媒体中心,f,1980-01-01
2021-04-16 10:24:31,新疆,微博 weibo.com,巴里坤县网信巡查执法,m,
2021-04-16 10:24:14,新疆,微博 weibo.com,巴里坤县网信巡查执法,m,
2021-04-16 10:23:55,新疆,微博 weibo.com,巴里坤县网信巡查执法,m,
2021-04-16 10:23:37,新疆,微博 weibo.com,巴里坤县网信巡查执法,m,
2021-04-16 10:23:20,新疆,微博 weibo.com,巴里坤县网信巡查执法,m,
2021-04-16 10:22:34,新疆,微博 weibo.com,巴里坤县网信巡查执法,m,
2021-04-16 10:22:11,新疆,微博 weibo.com,巴里坤县网信巡查执法,m,
2021-04-16 10:21:54,新疆,微博 weibo.com,巴里坤县网信巡查执法,m,
2021-04-15 11:04:33,新疆,Android,阿勒泰发布,m,2012-02-24
2021-04-15 11:03:54,山东,屠龙战法Android,龙哥-屠龙战法创始人,m,1985-12-26
2021-04-15 11:01:55,新疆,微博 weibo.com,伊犁日报,m,0001-00-00
2021-04-15 11:01:19,新疆,微博 weibo.com,伊犁日报,m,0001-00-00
2021-04-15 11:00:44,新疆,微博 weibo.com,伊犁日报,m,0001-00-00
2021-04-15 11:00:21,新疆,微博 weibo.com,伊犁日报,m,0001-00-00
2021-04-15 10:59:31,新疆,微博 weibo.com,伊犁日报,m,0001-00-00
2021-04-15 10:58:29,新疆,微博 weibo.com,伊犁日报,m,0001-00-00
2021-04-15 10:58:05,新疆,微博 weibo.com,伊犁日报,m,0001-00-00
2021-04-15 10:57:12,新疆,微博 weibo.com,伊犁日报,m,0001-00-00
2021-04-16 19:57:13,新疆,vivo Y70s 5G,小迷糊_687,m,
2021-04-16 19:10:08,其他,HUAWEI P30,核桃树下的巴郎子,f,天蝎座
2021-04-16 19:09:28,新疆 乌鲁木齐,荣耀V30 PRO 5G,威武的欢欢,m,1990-09-16
2021-04-16 19:00:55,河南,荣耀X10 5G,左手年华右手Ta,f,1994-08-13
2021-04-16 17:48:09,广东,微博视频号,名盾时尚,m,1988-01-01
2021-04-16 16:35:45,新疆 博尔塔拉,柔光自拍vivo X7,博州好网民,m,1991-11-10
2021-04-16 16:00:30,新疆 阿克苏,OPPO R9s,春风雨露228,f,1990-03-28
2021-04-16 16:00:02,新疆 阿克苏,OPPO R9s,春风雨露228,f,1990-03-28
2021-04-16 15:59:34,新疆 阿克苏,OPPO R9s,春风雨露228,f,1990-03-28
2021-04-16 15:59:15,新疆 阿克苏,OPPO R9s,春风雨露228,f,1990-03-28
2021-04-16 10:21:54,新疆,微博 weibo.com,巴里坤县网信巡查执法,m,
2021-04-16 10:21:34,新疆,微博 weibo.com,巴里坤县网信巡查执法,m,
2021-04-16 10:21:17,新疆,微博 weibo.com,巴里坤县网信巡查执法,m,
2021-04-16 10:17:35,新疆,Android,阿勒泰发布,m,2012-02-24
2021-04-16 10:13:18,新疆 阿勒泰,微博 weibo.com,哈巴河县政府网,m,0001-00-00
2021-04-16 09:59:27,新疆 阿克苏,OPPO R9s,春风雨露228,f,1990-03-28
2021-04-16 09:40:38,新疆 阿克苏,OPPO Reno5 Pro 5G,浮尘冰凉指尖,m,射手座
2021-04-16 09:29:26,江苏 南京,OPPO Reno5 Pro 5G,梦之约0419,f,双鱼座
2021-04-16 08:08:02,贵州 贵阳,iPhone客户端,一颗豆豆两个米dd,f,1991-11-11
2021-04-16 00:09:50,江苏 常州,HUAWEI Mate 20 Pro,船131719,m,
2021-04-14 12:28:34,新疆,微博 weibo.com,天山网,f,0001-00-00
2021-04-14 12:03:44,新疆,OPPO A91,请叫我正能量爆棚,f,1993-02-02
2021-04-14 11:49:36,新疆 阿克苏,微博 weibo.com,沙雅县反邪,f,
2021-04-14 11:30:04,新疆 乌鲁木齐,微博视频号,小疆有话说,m,1990-01-15
2021-04-14 11:28:38,新疆 乌鲁木齐,微博视频号,小疆有话说,m,1990-01-15
2021-04-14 11:26:53,新疆 乌鲁木齐,微博视频号,小疆有话说,m,1990-01-15
2021-04-14 11:25:25,新疆 乌鲁木齐,微博视频号,小疆有话说,m,1990-01-15
2021-04-14 11:24:10,新疆 乌鲁木齐,微博视频号,小疆有话说,m,1990-01-15
2021-04-14 11:23:18,新疆 乌鲁木齐,微博视频号,小疆有话说,m,1990-01-15
2021-04-14 11:22:17,新疆 乌鲁木齐,微博视频号,小疆有话说,m,1990-01-15
2021-04-15 10:58:05,新疆,微博 weibo.com,伊犁日报,m,0001-00-00
2021-04-15 10:57:12,新疆,微博 weibo.com,伊犁日报,m,0001-00-00
2021-04-15 10:56:38,新疆,微博 weibo.com,伊犁日报,m,0001-00-00
2021-04-15 10:55:56,新疆,微博 weibo.com,伊犁日报,m,0001-00-00
2021-04-15 10:50:36,西藏 拉萨,vivo Y70s 5G,家有贤妻日子美,m,1991-04-06
2021-04-15 10:46:36,新疆 阿勒泰,微博 weibo.com,哈巴河县政府网,m,0001-00-00
2021-04-15 10:46:22,新疆 阿勒泰,微博 weibo.com,哈巴河县政府网,m,0001-00-00
2021-04-15 10:40:54,新疆,微博 weibo.com,网信奇台,m,1986-02-18
2021-04-15 10:29:31,黑龙江 大庆,OPPO Reno,幻月XY,f,1998-03-12
2021-04-15 10:25:34,新疆 阿勒泰,微博 weibo.com,喀纳斯景区管委会,m,0001-00-00
2021-04-16 15:59:15,新疆 阿克苏,OPPO R9s,春风雨露228,f,1990-03-28
2021-04-16 15:58:55,新疆 阿克苏,OPPO R9s,春风雨露228,f,1990-03-28
2021-04-16 15:58:38,新疆 阿克苏,OPPO R9s,春风雨露228,f,1990-03-28
2021-04-16 15:58:27,新疆 阿克苏,OPPO R9s,春风雨露228,f,1990-03-28
2021-04-16 15:58:11,新疆 阿克苏,OPPO R9s,春风雨露228,f,1990-03-28
2021-04-16 15:57:58,新疆 阿克苏,OPPO R9s,春风雨露228,f,1990-03-28
2021-04-16 15:57:43,新疆 阿克苏,OPPO R9s,春风雨露228,f,1990-03-28
2021-04-16 15:57:26,新疆 阿克苏,OPPO R9s,春风雨露228,f,1990-03-28
2021-04-16 14:06:18,辽宁 盘锦,华为Mate30E Pro 5G,麦当小兜兜L,f,2003-04-21
2021-04-16 13:48:33,黑龙江 大庆,OPPO Reno,幻月XY,f,1998-03-12
2021-04-16 00:09:50,江苏 常州,HUAWEI Mate 20 Pro,船131719,m,
2021-04-15 23:35:14,新疆 克拉玛依,K30 至尊纪念版,纳纳刘,f,1998-10-15
2021-04-15 23:25:32,新疆,OPPO随光而变R17 Pro,玲珑可心,f,0001-00-00
2021-04-15 22:58:03,海外 美国,微博 weibo.com,美东侨报,m,1990-01-05
2021-04-15 22:35:17,四川 泸州,vivo X50 Pro+,娓娓箫声,f,01-01
2021-04-15 21:48:55,新疆,微博 weibo.com,阿勒泰日报,m,0001-00-00
2021-04-15 21:19:01,新疆 克拉玛依,iPhone 7 Plus,伊伊璐,f,1980-03-14
2021-04-15 21:01:27,新疆,微博小程序,古丽娜西,f,2005-02-11
2021-04-15 20:36:07,新疆 乌鲁木齐,荣耀V30 PRO 5G,威武的欢欢,m,1990-09-16
2021-04-15 20:19:51,,nova8Pro我由我掌镜,Seterrrrrr,f,
2021-04-14 11:23:18,新疆 乌鲁木齐,微博视频号,小疆有话说,m,1990-01-15
2021-04-14 11:22:17,新疆 乌鲁木齐,微博视频号,小疆有话说,m,1990-01-15
2021-04-14 11:21:04,新疆 乌鲁木齐,微博视频号,小疆有话说,m,1990-01-15
2021-04-14 11:19:50,新疆 乌鲁木齐,微博视频号,小疆有话说,m,1990-01-15
2021-04-14 11:17:34,新疆 乌鲁木齐,微博视频号,小疆有话说,m,1990-01-15
2021-04-14 11:16:33,新疆 乌鲁木齐,微博视频号,小疆有话说,m,1990-01-15
2021-04-14 11:14:27,陕西 汉中,三星S20 FE 5G,祁雅驰QYC,f,1993-12-24
2021-04-14 11:09:23,新疆 乌鲁木齐,微博视频号,小疆有话说,m,1990-01-15
2021-04-14 11:05:44,新疆 阿勒泰,微博 weibo.com,哈巴河县政府网,m,0001-00-00
2021-04-14 11:02:09,其他,iPhone客户端,哈密网信巡查执法,f,
2021-04-15 10:25:17,新疆 阿勒泰,微博 weibo.com,喀纳斯景区管委会,m,0001-00-00
2021-04-15 10:24:58,新疆 阿勒泰,微博 weibo.com,喀纳斯景区管委会,m,0001-00-00
2021-04-15 10:24:32,新疆 阿勒泰,微博 weibo.com,喀纳斯景区管委会,m,0001-00-00
2021-04-15 10:24:29,,iPhone X,欧卖噶d,m,
2021-04-15 10:24:13,,iPhone X,欧卖噶d,m,
2021-04-15 10:24:01,,iPhone X,欧卖噶d,m,
2021-04-15 10:18:51,新疆,微博 weibo.com,巴里坤县网信巡查执法,m,
2021-04-15 10:18:40,新疆,微博 weibo.com,巴里坤县网信巡查执法,m,
2021-04-15 10:16:52,新疆 阿勒泰,小米MIX 3 滑盖全面屏,jdnshxjdbd,f,
2021-04-15 10:14:04,新疆 阿勒泰,HUAWEI Mate 10,阿勒泰视界,m,2016-01-01
2021-04-16 13:42:32,新疆 乌鲁木齐,荣耀V30 PRO 5G,威武的欢欢,m,1990-09-16
2021-04-16 13:41:41,新疆 乌鲁木齐,荣耀V30 PRO 5G,威武的欢欢,m,1990-09-16
2021-04-16 13:34:48,广东,微博 weibo.com,littleMOCO,m,
2021-04-16 13:33:11,新疆 阿克苏,Android,塔河岸边小胡杨,m,巨蟹座
2021-04-16 13:33:02,新疆 阿克苏,Android,塔河岸边小胡杨,m,巨蟹座
2021-04-16 13:32:56,新疆 阿克苏,Android,塔河岸边小胡杨,m,巨蟹座
2021-04-16 13:18:53,新疆 阿勒泰,vivo AI智慧拍照X21,Djx-Leon,f,
2021-04-16 13:12:27,新疆,vivo智能手机,我有大象耶,f,1998-01-05
2021-04-16 13:06:14,新疆,nova6 5G自拍大不一样,imfeyaa,f,1994-12-29
2021-04-16 13:05:33,新疆,nova6 5G自拍大不一样,imfeyaa,f,1994-12-29
2021-04-15 19:58:16,新疆 阿克苏,TRS微博管理平台,新和县融媒体中心,f,2007-02-03
2021-04-15 19:56:54,新疆 阿克苏,TRS微博管理平台,新和县融媒体中心,f,2007-02-03
2021-04-15 19:23:07,新疆,魅族16sPro旗舰手机,巴依检,m,
2021-04-15 19:22:23,山东 济南,iQOO 3 5G性能旗舰,落花人独立iii,f,
2021-04-15 19:20:27,新疆 阿勒泰,微博小程序,新疆土豆丁,f,01-01
2021-04-15 19:16:00,陕西 汉中,三星S20 FE 5G,祁雅驰QYC,f,1993-12-24
2021-04-15 19:12:33,新疆 阿勒泰,OPPO Reno5 5G,苏芷玉123456,f,
2021-04-15 19:05:20,新疆 塔城,nova8 我由我掌镜,木子雨文是壮壮,f,1993-11-03
2021-04-15 18:59:58,新疆 阿克苏,vivo X50专业影像旗舰,张大懒爱陈小懒,f,
2021-04-15 18:54:58,北京 东城区,微博 weibo.com,经观商橙,m,2018-03-22
2021-04-14 11:01:57,其他,iPhone客户端,哈密网信巡查执法,f,
2021-04-14 11:01:50,其他,iPhone客户端,哈密网信巡查执法,f,
2021-04-14 11:01:44,其他,iPhone客户端,哈密网信巡查执法,f,
2021-04-14 11:00:54,其他,iPhone客户端,哈密网信巡查执法,f,
2021-04-14 11:00:46,其他,iPhone客户端,哈密网信巡查执法,f,
2021-04-14 10:57:13,新疆,微博 weibo.com,伊犁日报,m,0001-00-00
2021-04-14 10:56:59,新疆 乌鲁木齐,微博视频号,小疆有话说,m,1990-01-15
2021-04-14 10:56:07,新疆,微博 weibo.com,伊犁日报,m,0001-00-00
2021-04-14 10:55:59,新疆,微博 weibo.com,昌吉市融媒体中心,m,0001-00-00
2021-04-14 10:55:31,新疆,微博 weibo.com,伊犁日报,m,0001-00-00
2021-04-15 10:14:04,新疆 阿勒泰,HUAWEI Mate 10,阿勒泰视界,m,2016-01-01
2021-04-15 10:00:56,新疆 阿克苏,OPPO R9s,春风雨露228,f,1990-03-28
2021-04-15 10:00:45,青海,OPPO Find X,奔be儿灞,f,
2021-04-15 09:46:43,其他,HUAWEI P30 Pro,白天的星星空空,f,
2021-04-15 09:46:24,其他,HUAWEI P30 Pro,白天的星星空空,f,
2021-04-15 09:41:55,新疆,iPhone客户端,QR二五零,m,1996-12-04
2021-04-15 09:18:45,辽宁 盘锦,华为Mate30E Pro 5G,麦当小兜兜L,f,2003-04-21
2021-04-15 08:32:28,新疆,nova6 5G自拍大不一样,imfeyaa,f,1994-12-29
2021-04-15 06:55:46,辽宁 沈阳,OPPO随光而变R17 Pro,庞观者1,m,水瓶座
2021-04-15 06:39:42,河南,荣耀X10 5G,左手年华右手Ta,f,1994-08-13
2021-04-15 18:11:42,四川 泸州,vivo X50 Pro+,娓娓箫声,f,01-01
2021-04-15 17:43:16,新疆 阿勒泰,微博 weibo.com,阿勒泰市政府网,m,0001-00-00
2021-04-15 17:43:06,新疆 阿勒泰,微博 weibo.com,阿勒泰市政府网,m,0001-00-00
2021-04-15 17:42:55,新疆 阿勒泰,微博 weibo.com,阿勒泰市政府网,m,0001-00-00
2021-04-15 17:42:47,新疆 阿勒泰,微博 weibo.com,阿勒泰市政府网,m,0001-00-00
2021-04-15 17:41:16,其他,K30 至尊纪念版,段皇爷哦,m,1995-11-30
2021-04-15 17:33:49,新疆 博尔塔拉,柔光自拍vivo X7,博州好网民,m,1991-11-10
2021-04-15 17:02:27,新疆,360安全浏览器,拜城县融媒体中心,f,1980-01-01
2021-04-15 17:02:15,新疆,360安全浏览器,拜城县融媒体中心,f,1980-01-01
2021-04-15 16:02:08,新疆 伊犁,360安全浏览器,伊犁绿河谷网,m,2013-01-01
2021-04-16 12:53:35,新疆,OPPO A91,请叫我正能量爆棚,f,1993-02-02
2021-04-16 12:37:43,新疆 乌鲁木齐,微博视频号,小疆有话说,m,1990-01-15
2021-04-16 12:34:21,新疆 乌鲁木齐,微博视频号,小疆有话说,m,1990-01-15
2021-04-16 12:32:43,新疆 乌鲁木齐,微博视频号,小疆有话说,m,1990-01-15
2021-04-16 12:30:09,新疆 乌鲁木齐,微博视频号,小疆有话说,m,1990-01-15
2021-04-16 12:28:07,新疆 乌鲁木齐,微博视频号,小疆有话说,m,1990-01-15
2021-04-16 12:23:28,新疆 乌鲁木齐,微博视频号,小疆有话说,m,1990-01-15
2021-04-16 12:20:16,新疆 乌鲁木齐,微博视频号,小疆有话说,m,1990-01-15
2021-04-16 12:17:51,新疆 乌鲁木齐,微博视频号,小疆有话说,m,1990-01-15
2021-04-16 12:16:16,新疆 乌鲁木齐,微博视频号,小疆有话说,m,1990-01-15
2021-04-15 04:50:32,新疆,nova6 5G自拍大不一样,imfeyaa,f,1994-12-29
2021-04-15 00:13:28,海外,yy‘s iPhone 11,沁沁寳贝,f,1997-08-27
2021-04-14 23:39:45,新疆,魅族16sPro旗舰手机,巴依检,m,
2021-04-14 23:28:11,新疆 阿勒泰,vivo AI智慧拍照X21,Djx-Leon,f,
2021-04-14 23:23:59,新疆,微博小程序,古丽娜西,f,2005-02-11
2021-04-14 23:01:22,新疆 克拉玛依,K30 至尊纪念版,纳纳刘,f,1998-10-15
2021-04-14 23:00:01,新疆 克拉玛依,K30 至尊纪念版,纳纳刘,f,1998-10-15
2021-04-14 22:58:35,新疆 克拉玛依,K30 至尊纪念版,纳纳刘,f,1998-10-15
2021-04-14 22:58:22,新疆,HUAWEI Mate 20 Pro,jmy910518,f,1991-06-29
2021-04-14 22:57:11,新疆,HUAWEI Mate 20 Pro,jmy910518,f,1991-06-29
2021-04-14 10:56:07,新疆,微博 weibo.com,伊犁日报,m,0001-00-00
2021-04-14 10:55:59,新疆,微博 weibo.com,昌吉市融媒体中心,m,0001-00-00
2021-04-14 10:55:31,新疆,微博 weibo.com,伊犁日报,m,0001-00-00
2021-04-14 10:54:16,新疆,微博 weibo.com,伊犁日报,m,0001-00-00
2021-04-14 10:53:42,新疆 乌鲁木齐,微博视频号,小疆有话说,m,1990-01-15
2021-04-14 10:53:01,新疆,微博 weibo.com,网信奇台,m,1986-02-18
2021-04-14 10:52:48,新疆,微博 weibo.com,伊犁日报,m,0001-00-00
2021-04-14 10:52:11,新疆,微博 weibo.com,伊犁日报,m,0001-00-00
2021-04-14 10:51:10,新疆,微博 weibo.com,伊犁日报,m,0001-00-00
2021-04-14 10:50:47,新疆,微博 weibo.com,网信奇台,m,1986-02-18
2021-04-15 16:01:33,新疆 伊犁,360安全浏览器,伊犁绿河谷网,m,2013-01-01
2021-04-15 15:59:07,新疆 伊犁,微博搜索,伊犁绿河谷网,m,2013-01-01
2021-04-15 15:55:26,新疆 阿克苏,OPPO R9s,春风雨露228,f,1990-03-28
2021-04-15 15:52:52,新疆,微博 weibo.com,巴里坤县网信巡查执法,m,
2021-04-15 15:44:13,新疆 阿克苏,OPPO R9s,春风雨露228,f,1990-03-28
2021-04-15 15:43:14,新疆 阿克苏,OPPO R9s,春风雨露228,f,1990-03-28
2021-04-15 15:42:54,新疆 阿克苏,OPPO R9s,春风雨露228,f,1990-03-28
2021-04-15 15:42:37,新疆 阿克苏,OPPO R9s,春风雨露228,f,1990-03-28
2021-04-15 15:42:02,新疆 阿克苏,OPPO R9s,春风雨露228,f,1990-03-28
2021-04-15 15:41:29,新疆 阿克苏,OPPO R9s,春风雨露228,f,1990-03-28
2021-04-16 12:10:24,新疆 乌鲁木齐,微博视频号,小疆有话说,m,1990-01-15
2021-04-16 12:08:38,新疆 乌鲁木齐,微博视频号,小疆有话说,m,1990-01-15
2021-04-16 12:06:37,新疆 乌鲁木齐,微博视频号,小疆有话说,m,1990-01-15
2021-04-16 12:03:03,新疆,微博 weibo.com,网信奇台,m,1986-02-18
2021-04-16 12:02:38,新疆 伊犁,360安全浏览器,伊犁绿河谷网,m,2013-01-01
2021-04-16 12:02:26,新疆 伊犁,360安全浏览器,伊犁绿河谷网,m,2013-01-01
2021-04-16 12:02:12,新疆 伊犁,360安全浏览器,伊犁绿河谷网,m,2013-01-01
2021-04-16 12:00:24,新疆,微博 weibo.com,网信奇台,m,1986-02-18
2021-04-16 11:59:20,新疆 乌鲁木齐,Redmi K20 Pro 真旗舰,行走改变命运,m,
2021-04-16 11:56:49,新疆 伊犁,360安全浏览器,伊犁绿河谷网,m,2013-01-01
2021-04-14 10:39:19,新疆,Android,阿勒泰发布,m,2012-02-24
2021-04-14 10:38:43,新疆,Android,阿勒泰发布,m,2012-02-24
2021-04-14 10:38:19,新疆,360安全浏览器,拜城县融媒体中心,f,1980-01-01
2021-04-14 10:38:03,新疆,360安全浏览器,拜城县融媒体中心,f,1980-01-01
2021-04-14 10:37:39,新疆,360安全浏览器,拜城县融媒体中心,f,1980-01-01
2021-04-14 10:34:04,新疆 阿勒泰,微博 weibo.com,喀纳斯景区管委会,m,0001-00-00
2021-04-14 10:33:33,新疆 阿勒泰,微博 weibo.com,喀纳斯景区管委会,m,0001-00-00
2021-04-14 10:30:25,,iPhone X,欧卖噶d,m,
2021-04-14 10:29:44,,iPhone X,欧卖噶d,m,
2021-04-14 10:29:20,,iPhone X,欧卖噶d,m,
2021-04-14 22:57:02,新疆,HUAWEI P40 Pro 5G,阿勒泰日报,m,0001-00-00
2021-04-14 22:56:54,新疆,HUAWEI Mate 20 Pro,jmy910518,f,1991-06-29
2021-04-14 22:54:35,新疆 克拉玛依,iPhone 7 Plus,伊伊璐,f,1980-03-14
2021-04-14 22:46:06,新疆 克拉玛依,iPhone 7 Plus,伊伊璐,f,1980-03-14
2021-04-14 22:33:55,新疆 阿克苏,Android,淩晨三点水的江哥,m,巨蟹座
2021-04-14 22:08:30,新疆 哈密,360安全浏览器,哈密发布,m,0001-00-00
2021-04-14 22:08:23,新疆 哈密,360安全浏览器,哈密发布,m,0001-00-00
2021-04-14 21:08:31,新疆 阿克苏,TRS微博管理平台,新和县融媒体中心,f,2007-02-03
2021-04-14 21:07:12,新疆 阿克苏,TRS微博管理平台,新和县融媒体中心,f,2007-02-03
2021-04-14 21:06:11,新疆 阿克苏,TRS微博管理平台,新和县融媒体中心,f,2007-02-03
2021-04-16 11:55:58,新疆 阿勒泰,微博 weibo.com,阿勒泰市政府网,m,0001-00-00
2021-04-16 11:55:35,新疆 阿勒泰,微博 weibo.com,阿勒泰市政府网,m,0001-00-00
2021-04-16 11:53:09,新疆,HUAWEI P40 Pro 5G,阿勒泰日报,m,0001-00-00
2021-04-16 11:52:55,新疆,HUAWEI P40 Pro 5G,阿勒泰日报,m,0001-00-00
2021-04-16 11:51:57,新疆 克孜勒苏,nova7SE 5G你在焦点在,努努心肝,f,0001-00-00
2021-04-16 11:51:25,新疆 克孜勒苏,nova7SE 5G你在焦点在,努努心肝,f,0001-00-00
2021-04-16 11:49:14,新疆,荣耀20,雪岭云杉85,m,
2021-04-16 11:48:09,新疆 克孜勒苏,nova7SE 5G你在焦点在,努努心肝,f,0001-00-00
2021-04-16 11:47:51,新疆 克孜勒苏,nova7SE 5G你在焦点在,努努心肝,f,0001-00-00
2021-04-16 11:47:06,新疆 克孜勒苏,nova7SE 5G你在焦点在,努努心肝,f,0001-00-00
2021-04-15 15:41:13,新疆 阿克苏,OPPO R9s,春风雨露228,f,1990-03-28
2021-04-15 15:40:39,新疆 阿克苏,OPPO R9s,春风雨露228,f,1990-03-28
2021-04-15 15:40:25,新疆 阿克苏,OPPO R9s,春风雨露228,f,1990-03-28
2021-04-15 14:49:02,上海,HUAWEI P40 Pro 5G,馋哭了的隔壁家孩子,f,1996-10-10
2021-04-15 13:33:13,陕西 汉中,三星S20 FE 5G,祁雅驰QYC,f,1993-12-24
2021-04-15 13:17:27,北京,HUAWEI P20 Pro,北外出国预科刘老师,f,01-01
2021-04-15 13:04:06,新疆,前后2000万 OPPO R11s,毛小毛0102,f,1998-09-14
2021-04-15 13:00:26,新疆 乌鲁木齐,荣耀10 AI变色更潮美,这个大叔坏坏的,m,1988-04-04
2021-04-15 13:00:10,新疆 乌鲁木齐,荣耀10 AI变色更潮美,这个大叔坏坏的,m,1988-04-04
2021-04-15 12:59:49,新疆 乌鲁木齐,荣耀10 AI变色更潮美,这个大叔坏坏的,m,1988-04-04
2021-04-14 10:29:20,,iPhone X,欧卖噶d,m,
2021-04-14 10:29:03,,iPhone X,欧卖噶d,m,
2021-04-14 10:27:23,其他,微博搜索,暗夜森林6190573978,m,
2021-04-14 10:23:44,新疆 阿勒泰,微博 weibo.com,喀纳斯景区管委会,m,0001-00-00
2021-04-14 10:23:25,新疆 阿勒泰,微博 weibo.com,喀纳斯景区管委会,m,0001-00-00
2021-04-14 10:22:59,新疆,微博 weibo.com,巴里坤县网信巡查执法,m,
2021-04-14 10:22:41,新疆,微博 weibo.com,巴里坤县网信巡查执法,m,
2021-04-14 10:22:16,新疆,微博 weibo.com,巴里坤县网信巡查执法,m,
2021-04-14 10:18:04,新疆,微博 weibo.com,巴里坤县网信巡查执法,m,
2021-04-14 10:17:13,新疆,微博 weibo.com,巴里坤县网信巡查执法,m,
2021-04-14 21:05:30,新疆 阿克苏,TRS微博管理平台,新和县融媒体中心,f,2007-02-03
2021-04-14 20:49:34,新疆,HUAWEI P40 Pro 5G,阿勒泰日报,m,0001-00-00
2021-04-14 20:49:21,新疆,HUAWEI P40 Pro 5G,阿勒泰日报,m,0001-00-00
2021-04-14 20:34:56,新疆 阿克苏,OPPO Reno5 Pro 5G,浮尘冰凉指尖,m,射手座
2021-04-14 20:31:21,河南,荣耀X10 5G,左手年华右手Ta,f,1994-08-13
2021-04-14 20:31:01,河南,荣耀X10 5G,左手年华右手Ta,f,1994-08-13
2021-04-14 20:30:53,新疆,OPPO随光而变R17 Pro,玲珑可心,f,0001-00-00
2021-04-14 19:50:47,四川 泸州,vivo X50 Pro+,娓娓箫声,f,01-01
2021-04-14 19:16:27,新疆,微博 weibo.com,伊犁日报,m,0001-00-00
2021-04-14 18:17:05,新疆 乌鲁木齐,微博视频号,小疆有话说,m,1990-01-15
2021-04-16 11:46:48,新疆 克孜勒苏,nova7SE 5G你在焦点在,努努心肝,f,0001-00-00
2021-04-16 11:46:26,新疆,微博搜索,木垒网事,m,2017-04-11
2021-04-16 11:46:19,新疆 克孜勒苏,nova7SE 5G你在焦点在,努努心肝,f,0001-00-00
2021-04-16 11:45:18,新疆 克孜勒苏,nova7SE 5G你在焦点在,努努心肝,f,0001-00-00
2021-04-16 11:45:09,陕西 渭南,华为畅享20 Pro,水冷寒,m,
2021-04-16 11:44:44,新疆 克孜勒苏,nova7SE 5G你在焦点在,努努心肝,f,0001-00-00
2021-04-16 11:39:01,新疆 乌鲁木齐,微博视频号,小疆有话说,m,1990-01-15
2021-04-16 11:38:08,上海,HUAWEI P40 Pro 5G,馋哭了的隔壁家孩子,f,1996-10-10
2021-04-16 11:33:35,新疆,微博 weibo.com,伊犁日报,m,0001-00-00
2021-04-16 11:33:05,新疆,微博 weibo.com,伊犁日报,m,0001-00-00
2021-04-15 12:59:35,新疆 乌鲁木齐,荣耀10 AI变色更潮美,这个大叔坏坏的,m,1988-04-04
2021-04-15 12:59:22,新疆 乌鲁木齐,荣耀10 AI变色更潮美,这个大叔坏坏的,m,1988-04-04
2021-04-15 12:59:06,新疆 乌鲁木齐,荣耀10 AI变色更潮美,这个大叔坏坏的,m,1988-04-04
2021-04-15 12:58:51,新疆 乌鲁木齐,荣耀10 AI变色更潮美,这个大叔坏坏的,m,1988-04-04
2021-04-15 12:58:16,新疆 乌鲁木齐,荣耀10 AI变色更潮美,这个大叔坏坏的,m,1988-04-04
2021-04-15 12:58:01,新疆 乌鲁木齐,荣耀10 AI变色更潮美,这个大叔坏坏的,m,1988-04-04
2021-04-15 12:58:00,新疆,微博搜索,网信奇台,m,1986-02-18
2021-04-15 12:57:45,新疆 乌鲁木齐,荣耀10 AI变色更潮美,这个大叔坏坏的,m,1988-04-04
2021-04-15 12:25:53,新疆,HUAWEI Mate 20,爱老婆不爱情人,m,双子座
2021-04-15 12:01:35,新疆 乌鲁木齐,微博视频号,小疆有话说,m,1990-01-15
2021-04-14 10:16:05,新疆,微博 weibo.com,巴里坤县网信巡查执法,m,
2021-04-14 10:15:42,新疆,微博 weibo.com,巴里坤县网信巡查执法,m,
2021-04-14 10:13:01,黑龙江 大庆,OPPO Reno,幻月XY,f,1998-03-12
2021-04-14 10:08:47,黑龙江 大庆,OPPO Reno,幻月XY,f,1998-03-12
2021-04-14 10:08:41,新疆 阿克苏,OPPO R9s,春风雨露228,f,1990-03-28
2021-04-14 09:29:02,新疆,微博视频号,青河县融媒体中心,m,1992-06-21
2021-04-14 08:53:31,其他,HUAWEI P30 Pro,白天的星星空空,f,
2021-04-14 08:45:39,新疆,vivo智能手机,我有大象耶,f,1998-01-05
2021-04-14 08:25:03,黑龙江,微博视频号,诺敏河人民检察,m,
2021-04-13 23:23:16,新疆 乌鲁木齐,Android,飞龙犹在克拉霉,m,巨蟹座
2021-04-14 08:45:39,新疆,vivo智能手机,我有大象耶,f,1998-01-05
2021-04-14 08:25:03,黑龙江,微博视频号,诺敏河人民检察,m,
2021-04-13 23:23:16,新疆 乌鲁木齐,Android,飞龙犹在克拉霉,m,巨蟹座
2021-04-13 22:51:46,江苏 常州,HUAWEI Mate 20 Pro,船131719,m,
2021-04-13 22:37:41,新疆 克拉玛依,K30 至尊纪念版,纳纳刘,f,1998-10-15
2021-04-13 22:19:51,其他,nova5Pro人像超级夜景,卡帕Qarapat,m,1995-12-02
2021-04-13 22:03:19,新疆 阿克苏,vivo X50专业影像旗舰,张大懒爱陈小懒,f,
2021-04-13 22:01:08,辽宁 盘锦,华为Mate30E Pro 5G,麦当小兜兜L,f,2003-04-21
2021-04-13 22:00:08,新疆 乌鲁木齐,OPPO K7,皎皎之七,f,1996-04-27
2021-04-13 21:54:52,黑龙江,OPPO Reno3 Pro 5G,池鱼啊a,f,1997-12-05
2021-04-14 18:17:05,新疆 乌鲁木齐,微博视频号,小疆有话说,m,1990-01-15
2021-04-14 18:15:57,新疆 乌鲁木齐,iPhone X,EdwardBYQ,m,1990-03-22
2021-04-14 18:12:00,新疆 乌鲁木齐,iPhone X,EdwardBYQ,m,1990-03-22
2021-04-14 17:24:31,新疆 阿克苏,OPPO R9s,春风雨露228,f,1990-03-28
2021-04-14 17:19:29,新疆,微博 weibo.com,网信奇台,m,1986-02-18
2021-04-14 16:54:28,新疆 阿克苏,OPPO R9s,春风雨露228,f,1990-03-28
2021-04-14 16:52:37,新疆 阿克苏,OPPO R9s,春风雨露228,f,1990-03-28
2021-04-14 16:48:25,,nova8Pro我由我掌镜,Seterrrrrr,f,
2021-04-14 16:42:14,新疆,微博 weibo.com,巴里坤县网信巡查执法,m,
2021-04-14 16:41:59,新疆,微博 weibo.com,巴里坤县网信巡查执法,m,
2021-04-13 10:58:26,新疆,360安全浏览器,拜城县融媒体中心,f,1980-01-01
2021-04-13 10:52:44,其他,HUAWEI P30,核桃树下的巴郎子,f,天蝎座
2021-04-13 10:50:54,新疆 昌吉,vivo Z3性能实力派,令狐猫猫991,f,水瓶座
2021-04-13 10:47:03,青海,OPPO Find X,奔be儿灞,f,
2021-04-13 10:41:51,新疆,HUAWEI P30 Pro,五建小马,m,1992-06-24
2021-04-13 10:36:26,新疆,微博 weibo.com,巴里坤县网信巡查执法,m,
2021-04-13 10:30:12,新疆,Android,阿勒泰发布,m,2012-02-24
2021-04-13 10:29:52,新疆,Android,阿勒泰发布,m,2012-02-24
2021-04-13 10:29:46,新疆 阿勒泰,微博 weibo.com,哈巴河县政府网,m,0001-00-00
2021-04-13 10:29:37,新疆 阿勒泰,微博 weibo.com,哈巴河县政府网,m,0001-00-00
2021-04-13 21:40:32,新疆 阿勒泰,HUAWEI Mate 10,阿勒泰视界,m,2016-01-01
2021-04-13 21:36:51,新疆,OPPO随光而变R17 Pro,玲珑可心,f,0001-00-00
2021-04-13 21:00:16,四川,nova5Pro人像超级夜景,墨墨不爱喝水,f,1996-05-02
2021-04-13 20:19:51,新疆 阿克苏,OPPO Reno5 Pro 5G,浮尘冰凉指尖,m,射手座
2021-04-13 19:50:35,新疆,360安全浏览器,中共新源县委政法委员会,m,
2021-04-13 18:50:03,新疆 巴音郭楞,OPPO Reno2,自嘲自讽LRZ,m,1999-01-13
2021-04-13 18:25:42,新疆 阿勒泰,微博 weibo.com,阿勒泰市政府网,m,0001-00-00
2021-04-13 18:25:40,新疆 阿克苏,TRS微博管理平台,新和县融媒体中心,f,2007-02-03
2021-04-13 18:25:24,新疆 阿勒泰,微博 weibo.com,阿勒泰市政府网,m,0001-00-00
2021-04-13 18:25:05,新疆 阿勒泰,微博 weibo.com,阿勒泰市政府网,m,0001-00-00
2021-04-12 15:55:03,新疆,微博视频号,新疆发布,m,
2021-04-12 15:49:03,其他,小米8周年旗舰手机,噜啦啦0912,f,
2021-04-12 15:39:07,安徽,微博视频号,淮南山南警方在线,m,2000-02-12
2021-04-12 15:30:03,新疆,微博视频号,新疆平安网,m,2012-01-01
2021-04-12 15:01:31,新疆,微博视频号,天山网,f,0001-00-00
2021-04-12 14:48:39,甘肃,HUAWEI nova 3,For丨Tomorrow阿Q精神,m,2017-05-28
2021-04-12 14:00:41,新疆,微博视频号,天山网,f,0001-00-00
2021-04-12 13:54:38,新疆 喀什,360安全浏览器,大美英吉沙,m,
2021-04-12 13:45:03,新疆,微博视频号,新疆发布,m,
2021-04-12 13:32:06,其他,微博 weibo.com,阳仔金豆,m,
2021-04-11 20:38:00,新疆 阿勒泰,微博 weibo.com,阿勒泰市政府网,m,0001-00-00
2021-04-11 20:24:43,江苏 常州,HUAWEI Mate 20 Pro,船131719,m,
2021-04-11 20:10:20,新疆 阿勒泰,vivo AI智慧拍照X21,Djx-Leon,f,
2021-04-11 20:02:43,新疆 阿勒泰,HUAWEI Mate 10,阿勒泰视界,m,2016-01-01
2021-04-11 19:52:00,新疆,OPPO随光而变R17 Pro,玲珑可心,f,0001-00-00
2021-04-11 19:49:53,新疆 乌鲁木齐,荣耀V30 PRO 5G,威武的欢欢,m,1990-09-16
2021-04-11 19:44:00,辽宁 盘锦,华为Mate30E Pro 5G,麦当小兜兜L,f,2003-04-21
2021-04-11 19:34:56,新疆,微博小程序,古丽娜西,f,2005-02-11
2021-04-11 19:21:42,新疆,vivo智能手机,我有大象耶,f,1998-01-05
2021-04-11 18:51:52,新疆 阿克苏,TRS微博管理平台,新和县融媒体中心,f,2007-02-03
2021-04-13 10:23:37,新疆 阿勒泰,微博 weibo.com,喀纳斯景区管委会,m,0001-00-00
2021-04-13 10:23:36,,iPhone X,欧卖噶d,m,
2021-04-13 10:23:09,新疆 阿勒泰,微博 weibo.com,喀纳斯景区管委会,m,0001-00-00
2021-04-13 10:23:09,,iPhone X,欧卖噶d,m,
2021-04-13 10:22:48,,iPhone X,欧卖噶d,m,
2021-04-13 10:22:46,新疆 阿勒泰,微博 weibo.com,喀纳斯景区管委会,m,0001-00-00
2021-04-13 10:22:20,新疆 阿勒泰,微博 weibo.com,喀纳斯景区管委会,m,0001-00-00
2021-04-13 10:16:36,新疆 伊犁,微博搜索,伊犁绿河谷网,m,2013-01-01
2021-04-13 10:14:28,新疆 伊犁,微博搜索,伊犁绿河谷网,m,2013-01-01
2021-04-13 10:13:50,新疆,OPPO随光而变R17,塔城政法,f,
2021-04-13 18:23:49,新疆 乌鲁木齐,vivo智能手机,默手谈真言,f,天蝎座
2021-04-13 18:22:16,新疆 阿克苏,TRS微博管理平台,新和县融媒体中心,f,2007-02-03
2021-04-13 17:30:38,新疆 巴音郭楞,HUAWEI Mate 40 Pro,新疆何淼,m,1971-10-20
2021-04-13 16:58:49,新疆 阿克苏,OPPO R9s,春风雨露228,f,1990-03-28
2021-04-13 16:58:15,新疆 阿克苏,OPPO R9s,春风雨露228,f,1990-03-28
2021-04-13 16:57:50,新疆 阿克苏,OPPO R9s,春风雨露228,f,1990-03-28
2021-04-13 16:57:36,新疆 阿克苏,OPPO R9s,春风雨露228,f,1990-03-28
2021-04-13 16:57:19,其他,nova8 我由我掌镜,用户6357143597,f,
2021-04-12 13:15:48,新疆 乌鲁木齐,荣耀10 AI变色更潮美,紫落me,f,1988-03-22
2021-04-12 12:26:27,新疆,微博视频号,教书匠滕维波,m,1985-04-22
2021-04-12 11:59:35,新疆,微博 weibo.com,伊犁日报,m,0001-00-00
2021-04-12 11:58:31,新疆,微博 weibo.com,伊犁日报,m,0001-00-00
2021-04-12 11:56:53,新疆,微博 weibo.com,伊犁日报,m,0001-00-00
2021-04-12 11:56:23,新疆,微博 weibo.com,伊犁日报,m,0001-00-00
2021-04-12 11:55:30,新疆,微博 weibo.com,伊犁日报,m,0001-00-00
2021-04-12 11:54:41,新疆,微博 weibo.com,伊犁日报,m,0001-00-00
2021-04-12 11:54:15,新疆,微博 weibo.com,伊犁日报,m,0001-00-00
2021-04-12 11:52:38,新疆,微博 weibo.com,伊犁日报,m,0001-00-00
2021-04-11 19:21:42,新疆,vivo智能手机,我有大象耶,f,1998-01-05
2021-04-11 18:51:52,新疆 阿克苏,TRS微博管理平台,新和县融媒体中心,f,2007-02-03
2021-04-11 18:50:20,新疆 阿克苏,TRS微博管理平台,新和县融媒体中心,f,2007-02-03
2021-04-11 18:42:08,新疆 阿克苏,TRS微博管理平台,新和县融媒体中心,f,2007-02-03
2021-04-11 18:30:39,河南,荣耀X10 5G,左手年华右手Ta,f,1994-08-13
2021-04-11 18:25:39,吉林 长春,iPhone客户端,黑豆MIX,m,
2021-04-11 18:20:32,新疆,微博视频号,青河县融媒体中心,m,1992-06-21
2021-04-11 18:13:25,新疆,微博 weibo.com,哈密日报,m,
2021-04-11 18:13:13,新疆,微博 weibo.com,哈密日报,m,
2021-04-11 18:13:01,新疆,微博 weibo.com,哈密日报,m,
2021-04-13 10:10:34,新疆 阿克苏,OPPO R9s,春风雨露228,f,1990-03-28
2021-04-13 10:10:00,新疆 伊犁,微博搜索,伊犁绿河谷网,m,2013-01-01
2021-04-13 09:53:06,新疆 乌鲁木齐,360安全浏览器,直播新疆,f,0001-00-00
2021-04-13 09:48:37,北京 东城区,iPhone客户端,巴里坤反邪,m,
2021-04-13 09:11:29,上海,HUAWEI P40 Pro 5G,馋哭了的隔壁家孩子,f,1996-10-10
2021-04-13 09:01:33,天津,iPhone客户端,鱼生鱼Mr吴,m,摩羯座
2021-04-13 02:52:07,新疆,HUAWEI P40 Pro 5G,塔城市政法,f,1991-09-12
2021-04-12 23:22:03,新疆,微博视频号,天山网,f,0001-00-00
2021-04-12 23:01:27,新疆 阿勒泰,vivo AI智慧拍照X21,Djx-Leon,f,
2021-04-12 22:52:08,其他,nova5Pro人像超级夜景,卡帕Qarapat,m,1995-12-02
2021-04-13 16:57:36,新疆 阿克苏,OPPO R9s,春风雨露228,f,1990-03-28
2021-04-13 16:57:19,其他,nova8 我由我掌镜,用户6357143597,f,
2021-04-13 16:57:14,新疆 阿克苏,OPPO R9s,春风雨露228,f,1990-03-28
2021-04-13 16:56:46,新疆 阿克苏,OPPO R9s,春风雨露228,f,1990-03-28
2021-04-13 16:56:27,新疆 阿克苏,OPPO R9s,春风雨露228,f,1990-03-28
2021-04-13 16:56:10,新疆 阿克苏,OPPO R9s,春风雨露228,f,1990-03-28
2021-04-13 16:55:55,新疆 阿克苏,OPPO R9s,春风雨露228,f,1990-03-28
2021-04-13 16:55:40,新疆 阿克苏,OPPO R9s,春风雨露228,f,1990-03-28
2021-04-13 16:55:19,新疆 阿克苏,OPPO R9s,春风雨露228,f,1990-03-28
2021-04-13 16:55:03,新疆 阿克苏,OPPO R9s,春风雨露228,f,1990-03-28
2021-04-11 18:12:50,新疆,微博 weibo.com,哈密日报,m,
2021-04-11 18:12:38,新疆,微博 weibo.com,哈密日报,m,
2021-04-11 18:12:26,新疆,微博 weibo.com,哈密日报,m,
2021-04-11 16:38:42,上海,iPhone 12 Pro Max,NATUNAKIDS纳桔童装,f,1984-01-01
2021-04-11 16:21:45,海外 日本,华为手机,mio妈妈在日本,f,1987-11-14
2021-04-11 16:10:44,重庆,微博小程序,豹纹秋裤11,m,
2021-04-11 16:07:03,新疆,微博 weibo.com,昌吉市融媒体中心,m,0001-00-00
2021-04-11 13:50:42,新疆 乌鲁木齐,iPhone客户端,淡淡小飞鱼,f,
2021-04-11 12:57:21,甘肃 平凉,OPPO Reno,凌念7,m,处女座
2021-04-11 12:48:29,甘肃,HUAWEI nova 3,For丨Tomorrow阿Q精神,m,2017-05-28
2021-04-12 22:51:14,新疆 乌鲁木齐,OPPO K7,皎皎之七,f,1996-04-27
2021-04-12 22:31:39,新疆,微博 weibo.com,天山网,f,0001-00-00
2021-04-12 22:08:01,新疆 阿勒泰,小米MIX 3 滑盖全面屏,jdnshxjdbd,f,
2021-04-12 21:17:12,新疆,微博 weibo.com,巴里坤县网信巡查执法,m,
2021-04-12 21:16:55,新疆,微博 weibo.com,巴里坤县网信巡查执法,m,
2021-04-12 21:16:24,新疆,微博 weibo.com,巴里坤县网信巡查执法,m,
2021-04-12 21:15:37,新疆,微博 weibo.com,巴里坤县网信巡查执法,m,
2021-04-12 21:15:10,新疆,微博 weibo.com,巴里坤县网信巡查执法,m,
2021-04-12 21:14:51,新疆,微博 weibo.com,巴里坤县网信巡查执法,m,
2021-04-12 21:14:35,新疆,微博 weibo.com,巴里坤县网信巡查执法,m,
2021-04-12 11:28:14,新疆 乌鲁木齐,微博视频号,小疆有话说,m,1990-01-15
2021-04-12 11:26:50,新疆 乌鲁木齐,微博视频号,小疆有话说,m,1990-01-15
2021-04-12 11:25:26,新疆 乌鲁木齐,微博视频号,小疆有话说,m,1990-01-15
2021-04-12 11:23:48,新疆 乌鲁木齐,微博视频号,小疆有话说,m,1990-01-15
2021-04-12 11:21:47,新疆 乌鲁木齐,微博视频号,小疆有话说,m,1990-01-15
2021-04-12 11:20:28,新疆 乌鲁木齐,微博视频号,小疆有话说,m,1990-01-15
2021-04-12 11:19:09,新疆 乌鲁木齐,微博视频号,小疆有话说,m,1990-01-15
2021-04-12 11:17:44,新疆 乌鲁木齐,微博视频号,小疆有话说,m,1990-01-15
2021-04-12 11:16:21,新疆 乌鲁木齐,微博视频号,小疆有话说,m,1990-01-15
2021-04-12 11:14:52,新疆 乌鲁木齐,微博视频号,小疆有话说,m,1990-01-15
2021-04-13 16:54:46,新疆 阿克苏,OPPO R9s,春风雨露228,f,1990-03-28
2021-04-13 16:54:27,新疆 阿克苏,OPPO R9s,春风雨露228,f,1990-03-28
2021-04-13 16:54:24,新疆 乌鲁木齐,微博视频号,小疆有话说,m,1990-01-15
2021-04-13 16:54:04,新疆 阿克苏,OPPO R9s,春风雨露228,f,1990-03-28
2021-04-13 16:52:58,新疆 阿克苏,OPPO R9s,春风雨露228,f,1990-03-28
2021-04-13 16:51:41,新疆 阿勒泰,OPPO Reno5 5G,苏芷玉123456,f,
2021-04-13 16:49:36,新疆 阿克苏,OPPO R9s,春风雨露228,f,1990-03-28
2021-04-13 16:48:43,新疆 乌鲁木齐,微博视频号,小疆有话说,m,1990-01-15
2021-04-13 16:48:12,新疆 阿克苏,OPPO R9s,春风雨露228,f,1990-03-28
2021-04-13 16:45:28,新疆 乌鲁木齐,微博视频号,小疆有话说,m,1990-01-15
2021-04-11 12:39:16,新疆 伊犁,微博 weibo.com,伊犁绿河谷网,m,2013-01-01
2021-04-11 12:38:43,新疆 伊犁,微博 weibo.com,伊犁绿河谷网,m,2013-01-01
2021-04-11 12:38:01,新疆 伊犁,微博 weibo.com,伊犁绿河谷网,m,2013-01-01
2021-04-11 12:37:08,新疆 伊犁,微博 weibo.com,伊犁绿河谷网,m,2013-01-01
2021-04-11 12:36:25,新疆 伊犁,微博搜索,伊犁绿河谷网,m,2013-01-01
2021-04-11 12:35:35,新疆 阿勒泰,荣耀9 美得有声有色,哈巴河县政府网,m,0001-00-00
2021-04-11 12:35:26,新疆 阿勒泰,荣耀9 美得有声有色,哈巴河县政府网,m,0001-00-00
2021-04-11 12:24:17,新疆,微博 weibo.com,伊犁日报,m,0001-00-00
2021-04-11 12:23:34,新疆,微博 weibo.com,伊犁日报,m,0001-00-00
2021-04-11 12:23:10,新疆 阿克苏,OPPO R9s,春风雨露228,f,1990-03-28
2021-04-12 21:14:51,新疆,微博 weibo.com,巴里坤县网信巡查执法,m,
2021-04-12 21:14:35,新疆,微博 weibo.com,巴里坤县网信巡查执法,m,
2021-04-12 21:14:12,新疆,微博 weibo.com,巴里坤县网信巡查执法,m,
2021-04-12 21:05:03,新疆,微博视频号,新疆发布,m,
2021-04-12 21:00:03,新疆,微博视频号,天山网,f,0001-00-00
2021-04-12 20:32:27,新疆 阿克苏,TRS微博管理平台,新和县融媒体中心,f,2007-02-03
2021-04-12 20:31:37,新疆 阿克苏,TRS微博管理平台,新和县融媒体中心,f,2007-02-03
2021-04-12 19:17:57,其他,微博 weibo.com,阿勒泰日报哈萨克文,m,0001-00-00
2021-04-12 19:17:48,其他,微博 weibo.com,阿勒泰日报哈萨克文,m,0001-00-00
2021-04-12 19:17:35,其他,微博 weibo.com,阿勒泰日报哈萨克文,m,0001-00-00
2021-04-12 11:19:09,新疆 乌鲁木齐,微博视频号,小疆有话说,m,1990-01-15
2021-04-12 11:17:44,新疆 乌鲁木齐,微博视频号,小疆有话说,m,1990-01-15
2021-04-12 11:16:21,新疆 乌鲁木齐,微博视频号,小疆有话说,m,1990-01-15
2021-04-12 11:14:52,新疆 乌鲁木齐,微博视频号,小疆有话说,m,1990-01-15
2021-04-12 11:13:56,青海,OPPO Find X,奔be儿灞,f,
2021-04-12 11:13:12,新疆 乌鲁木齐,微博视频号,小疆有话说,m,1990-01-15
2021-04-12 11:11:59,新疆 乌鲁木齐,微博视频号,小疆有话说,m,1990-01-15
2021-04-12 11:10:40,新疆,微博 weibo.com,昌吉市融媒体中心,m,0001-00-00
2021-04-12 11:10:20,新疆 乌鲁木齐,微博视频号,小疆有话说,m,1990-01-15
2021-04-12 11:09:12,新疆 乌鲁木齐,微博视频号,小疆有话说,m,1990-01-15
2021-04-13 16:43:33,新疆 乌鲁木齐,微博视频号,小疆有话说,m,1990-01-15
2021-04-13 16:42:02,新疆 乌鲁木齐,微博视频号,小疆有话说,m,1990-01-15
2021-04-13 16:39:38,新疆 乌鲁木齐,微博视频号,小疆有话说,m,1990-01-15
2021-04-13 16:38:13,新疆 乌鲁木齐,微博视频号,小疆有话说,m,1990-01-15
2021-04-13 16:37:51,新疆 乌鲁木齐,Android,飞龙犹在克拉霉,m,巨蟹座
2021-04-13 16:37:35,新疆 阿克苏,OPPO R9s,春风雨露228,f,1990-03-28
2021-04-13 16:37:30,新疆 乌鲁木齐,荣耀V30 PRO 5G,威武的欢欢,m,1990-09-16
2021-04-13 16:36:53,新疆 乌鲁木齐,微博视频号,小疆有话说,m,1990-01-15
2021-04-13 16:36:50,新疆 阿克苏,Android,淩晨三点水的江哥,m,巨蟹座
2021-04-13 16:35:27,新疆 阿克苏,OPPO R9s,春风雨露228,f,1990-03-28
2021-04-11 12:22:26,新疆,微博 weibo.com,伊犁日报,m,0001-00-00
2021-04-11 12:22:10,新疆 阿克苏,OPPO R9s,春风雨露228,f,1990-03-28
2021-04-11 12:21:55,新疆 阿克苏,OPPO R9s,春风雨露228,f,1990-03-28
2021-04-11 12:21:42,新疆,微博 weibo.com,伊犁日报,m,0001-00-00
2021-04-11 12:21:37,新疆 阿克苏,OPPO R9s,春风雨露228,f,1990-03-28
2021-04-11 12:21:10,新疆 阿克苏,OPPO R9s,春风雨露228,f,1990-03-28
2021-04-11 12:21:08,新疆,微博 weibo.com,伊犁日报,m,0001-00-00
2021-04-11 12:20:37,新疆 阿克苏,OPPO R9s,春风雨露228,f,1990-03-28
2021-04-11 12:20:35,新疆,微博 weibo.com,伊犁日报,m,0001-00-00
2021-04-11 12:20:02,新疆,微博 weibo.com,伊犁日报,m,0001-00-00
2021-04-12 18:15:56,江苏,HUAWEI Mate 20 X,璃小月儿,f,1995-10-13
2021-04-12 17:10:27,新疆 阿克苏,OPPO R9s,春风雨露228,f,1990-03-28
2021-04-12 17:10:11,新疆 阿克苏,OPPO R9s,春风雨露228,f,1990-03-28
2021-04-12 17:09:57,新疆 阿克苏,OPPO R9s,春风雨露228,f,1990-03-28
2021-04-12 17:09:40,新疆 阿克苏,OPPO R9s,春风雨露228,f,1990-03-28
2021-04-12 17:09:25,新疆 阿克苏,OPPO R9s,春风雨露228,f,1990-03-28
2021-04-12 17:08:52,新疆 阿克苏,OPPO R9s,春风雨露228,f,1990-03-28
2021-04-12 17:08:34,新疆 阿克苏,OPPO R9s,春风雨露228,f,1990-03-28
2021-04-12 17:08:06,新疆 阿克苏,OPPO R9s,春风雨露228,f,1990-03-28
2021-04-12 17:07:26,新疆 阿克苏,OPPO R9s,春风雨露228,f,1990-03-28
2021-04-12 11:08:50,,nova8Pro我由我掌镜,Seterrrrrr,f,
2021-04-12 11:00:33,新疆 阿克苏,Android,淩晨三点水的江哥,m,巨蟹座
2021-04-12 10:58:52,新疆,HUAWEI P40 Pro 5G,阿勒泰日报,m,0001-00-00
2021-04-12 10:58:45,新疆,HUAWEI P40 Pro 5G,阿勒泰日报,m,0001-00-00
2021-04-12 10:50:50,新疆,360安全浏览器,拜城县融媒体中心,f,1980-01-01
2021-04-12 10:46:57,甘肃 平凉,OPPO Reno,凌念7,m,处女座
2021-04-12 10:46:40,新疆 阿勒泰,OPPO Reno5 5G,苏芷玉123456,f,
2021-04-12 10:40:41,新疆 阿克苏,OPPO R9s,春风雨露228,f,1990-03-28
2021-04-12 10:36:18,新疆 阿勒泰,微博 weibo.com,哈巴河县政府网,m,0001-00-00
2021-04-12 10:29:54,新疆,微博 weibo.com,网信奇台,m,1986-02-18
2021-04-13 16:32:37,新疆 乌鲁木齐,微博视频号,小疆有话说,m,1990-01-15
2021-04-13 16:30:35,新疆 乌鲁木齐,微博视频号,小疆有话说,m,1990-01-15
2021-04-13 16:29:08,新疆,vivo智能手机,我有大象耶,f,1998-01-05
2021-04-13 16:28:10,新疆 乌鲁木齐,微博视频号,小疆有话说,m,1990-01-15
2021-04-13 16:26:57,新疆 乌鲁木齐,微博视频号,小疆有话说,m,1990-01-15
2021-04-13 16:24:49,新疆 乌鲁木齐,微博视频号,小疆有话说,m,1990-01-15
2021-04-13 16:24:42,黑龙江 大庆,OPPO Reno,幻月XY,f,1998-03-12
2021-04-13 16:23:40,新疆 乌鲁木齐,微博视频号,小疆有话说,m,1990-01-15
2021-04-13 14:43:50,新疆 石河子,OPPO Reno5 5G,马倩玉mqy4,f,1994-04-04
2021-04-11 12:20:35,新疆,微博 weibo.com,伊犁日报,m,0001-00-00
2021-04-11 12:20:02,新疆,微博 weibo.com,伊犁日报,m,0001-00-00
2021-04-11 12:19:48,新疆 阿克苏,OPPO R9s,春风雨露228,f,1990-03-28
2021-04-11 12:19:25,新疆,微博 weibo.com,伊犁日报,m,0001-00-00
2021-04-11 12:19:26,新疆 阿克苏,OPPO R9s,春风雨露228,f,1990-03-28
2021-04-11 12:19:04,新疆 阿克苏,OPPO R9s,春风雨露228,f,1990-03-28
2021-04-11 12:18:47,新疆,微博 weibo.com,伊犁日报,m,0001-00-00
2021-04-11 12:18:45,新疆 阿克苏,OPPO R9s,春风雨露228,f,1990-03-28
2021-04-11 12:18:44,新疆,iPhone客户端,木垒网事,m,2017-04-11
2021-04-11 12:18:21,新疆 阿克苏,OPPO R9s,春风雨露228,f,1990-03-28
2021-04-12 17:06:55,新疆 阿克苏,OPPO R9s,春风雨露228,f,1990-03-28
2021-04-12 17:00:31,天津 南开区,HUAWEI P30,YS-SNSD,f,01-01
2021-04-12 16:52:38,海外,iPhone客户端,珠小妹nsjdvdhsj,f,
2021-04-12 16:43:54,新疆 乌鲁木齐,360安全浏览器,直播新疆,f,0001-00-00
2021-04-12 16:42:18,新疆 乌鲁木齐,360安全浏览器,直播新疆,f,0001-00-00
2021-04-12 16:41:52,新疆 乌鲁木齐,360安全浏览器,直播新疆,f,0001-00-00
2021-04-12 16:41:07,新疆 乌鲁木齐,360安全浏览器,直播新疆,f,0001-00-00
2021-04-12 16:41:00,新疆 乌鲁木齐,360安全浏览器,直播新疆,f,0001-00-00
2021-04-12 16:40:32,新疆 乌鲁木齐,360安全浏览器,直播新疆,f,0001-00-00
2021-04-12 16:39:43,新疆 乌鲁木齐,360安全浏览器,直播新疆,f,0001-00-00
2021-04-12 10:26:59,新疆 阿勒泰,微博 weibo.com,喀纳斯景区管委会,m,0001-00-00
2021-04-12 10:23:31,新疆 伊犁,微博搜索,伊犁绿河谷网,m,2013-01-01
2021-04-12 10:18:53,新疆 伊犁,微博搜索,伊犁绿河谷网,m,2013-01-01
2021-04-12 10:18:13,新疆 伊犁,微博搜索,伊犁绿河谷网,m,2013-01-01
2021-04-12 10:09:55,新疆 乌鲁木齐,荣耀V30 PRO 5G,威武的欢欢,m,1990-09-16
2021-04-12 10:09:35,新疆 乌鲁木齐,荣耀V30 PRO 5G,威武的欢欢,m,1990-09-16
2021-04-12 10:09:13,新疆 乌鲁木齐,荣耀V30 PRO 5G,威武的欢欢,m,1990-09-16
2021-04-12 10:04:33,新疆 阿勒泰,微博 weibo.com,吉木乃县政府网站,m,0001-00-00
2021-04-12 09:55:53,,iPhone X,欧卖噶d,m,
2021-04-12 09:55:41,,iPhone X,欧卖噶d,m,
2021-04-13 13:46:55,,HUAWEI Mate 20,薛薛薛Rui,m,
2021-04-13 12:52:20,四川 泸州,vivo X50 Pro+,娓娓箫声,f,01-01
2021-04-13 12:51:51,其他,小米8周年旗舰手机,噜啦啦0912,f,
2021-04-13 12:19:37,其他,HUAWEI Mate 20 Pro,天空很蓝7111,m,
2021-04-13 12:11:46,新疆 乌鲁木齐,HUAWEI P30,照进城市的光plus,m,1995-10-27
2021-04-13 12:04:42,,iPhone客户端,咔哇咿1504,f,
2021-04-13 11:59:39,其他,nova5Pro人像超级夜景,用户6041563973,f,1995-12-19
2021-04-13 11:46:26,新疆 乌鲁木齐,OPPO随光而变R17,偏执的小左,f,1987-09-17
2021-04-13 11:45:03,其他,微博 weibo.com,阳仔金豆,m,
2021-04-13 11:42:21,新疆,微博 weibo.com,昌吉市融媒体中心,m,0001-00-00
2021-04-12 09:55:22,,iPhone X,欧卖噶d,m,
2021-04-12 09:55:05,,iPhone X,欧卖噶d,m,
2021-04-12 09:49:56,黑龙江 大庆,OPPO Reno,幻月XY,f,1998-03-12
2021-04-12 09:30:52,其他,HUAWEI P30 Pro,白天的星星空空,f,
2021-04-12 09:20:07,新疆,微博 weibo.com,巴里坤县网信巡查执法,m,
2021-04-12 09:19:52,新疆,微博 weibo.com,巴里坤县网信巡查执法,m,
2021-04-12 09:19:26,新疆,微博 weibo.com,巴里坤县网信巡查执法,m,
2021-04-12 09:19:04,新疆,微博 weibo.com,巴里坤县网信巡查执法,m,
2021-04-12 09:18:20,新疆,微博 weibo.com,巴里坤县网信巡查执法,m,
2021-04-12 09:05:38,新疆,微博视频号,乌鲁木齐生态环境,m,
2021-04-12 16:39:43,新疆 乌鲁木齐,360安全浏览器,直播新疆,f,0001-00-00
2021-04-12 16:39:35,新疆 乌鲁木齐,360安全浏览器,直播新疆,f,0001-00-00
2021-04-12 16:39:32,新疆,Android,阿勒泰发布,m,2012-02-24
2021-04-12 16:39:01,新疆,Android,阿勒泰发布,m,2012-02-24
2021-04-12 16:38:35,新疆 乌鲁木齐,360安全浏览器,直播新疆,f,0001-00-00
2021-04-12 16:38:20,新疆 乌鲁木齐,360安全浏览器,直播新疆,f,0001-00-00
2021-04-12 16:37:52,新疆 乌鲁木齐,360安全浏览器,直播新疆,f,0001-00-00
2021-04-12 16:37:28,新疆 乌鲁木齐,360安全浏览器,直播新疆,f,0001-00-00
2021-04-12 16:37:03,新疆 乌鲁木齐,360安全浏览器,直播新疆,f,0001-00-00
2021-04-12 16:36:34,新疆 乌鲁木齐,360安全浏览器,直播新疆,f,0001-00-00
2021-04-11 11:46:49,,iPhone客户端,又又shuang,f,
2021-04-11 11:45:42,新疆 乌鲁木齐,微博视频号,小疆有话说,m,1990-01-15
2021-04-11 11:44:39,新疆 乌鲁木齐,微博视频号,小疆有话说,m,1990-01-15
2021-04-11 11:43:32,新疆 乌鲁木齐,微博视频号,小疆有话说,m,1990-01-15
2021-04-11 11:42:38,新疆 乌鲁木齐,微博视频号,小疆有话说,m,1990-01-15
2021-04-11 11:41:17,新疆 乌鲁木齐,微博视频号,小疆有话说,m,1990-01-15
2021-04-11 11:40:52,其他,iPhone客户端,哈密网信巡查执法,f,
2021-04-11 11:40:46,其他,iPhone客户端,哈密网信巡查执法,f,
2021-04-11 11:40:40,其他,iPhone客户端,哈密网信巡查执法,f,
2021-04-11 11:40:33,其他,iPhone客户端,哈密网信巡查执法,f,
2021-04-13 11:59:39,其他,nova5Pro人像超级夜景,用户6041563973,f,1995-12-19
2021-04-13 11:46:26,新疆 乌鲁木齐,OPPO随光而变R17,偏执的小左,f,1987-09-17
2021-04-13 11:45:03,其他,微博 weibo.com,阳仔金豆,m,
2021-04-13 11:42:21,新疆,微博 weibo.com,昌吉市融媒体中心,m,0001-00-00
2021-04-13 11:25:37,新疆,iPhone客户端,QR二五零,m,1996-12-04
2021-04-13 11:22:46,其他,微博搜索,阳仔金豆,m,
2021-04-13 11:21:11,新疆,微博搜索,网信奇台,m,1986-02-18
2021-04-13 11:20:21,新疆,微博 weibo.com,伊犁日报,m,0001-00-00
2021-04-13 11:19:27,新疆,微博 weibo.com,伊犁日报,m,0001-00-00
2021-04-13 11:18:49,新疆,微博 weibo.com,网信奇台,m,1986-02-18
2021-04-12 09:19:26,新疆,微博 weibo.com,巴里坤县网信巡查执法,m,
2021-04-12 09:19:04,新疆,微博 weibo.com,巴里坤县网信巡查执法,m,
2021-04-12 09:18:20,新疆,微博 weibo.com,巴里坤县网信巡查执法,m,
2021-04-12 09:05:38,新疆,微博视频号,乌鲁木齐生态环境,m,
2021-04-11 23:49:21,新疆 阿勒泰,小米MIX 3 滑盖全面屏,jdnshxjdbd,f,
2021-04-11 23:39:29,其他,HUAWEI P30,核桃树下的巴郎子,f,天蝎座
2021-04-11 23:10:58,青海 海东,华为畅享5G,阿依努尔01479,f,2018-08-10
2021-04-11 22:47:43,新疆 阿勒泰,微博 weibo.com,青河县政府网,m,0001-00-00
2021-04-11 22:37:18,新疆 阿勒泰,微博 weibo.com,青河县政府网,m,0001-00-00
2021-04-11 22:18:40,新疆,nova6 自拍大不一样,网信奇台,m,1986-02-18
2021-04-11 11:40:46,其他,iPhone客户端,哈密网信巡查执法,f,
2021-04-11 11:40:40,其他,iPhone客户端,哈密网信巡查执法,f,
2021-04-11 11:40:33,其他,iPhone客户端,哈密网信巡查执法,f,
2021-04-11 11:40:27,其他,iPhone客户端,哈密网信巡查执法,f,
2021-04-11 11:40:23,新疆 乌鲁木齐,微博视频号,小疆有话说,m,1990-01-15
2021-04-11 11:40:20,其他,iPhone客户端,哈密网信巡查执法,f,
2021-04-11 11:40:14,其他,iPhone客户端,哈密网信巡查执法,f,
2021-04-11 11:38:41,新疆 乌鲁木齐,微博视频号,小疆有话说,m,1990-01-15
2021-04-11 11:37:17,新疆 乌鲁木齐,微博视频号,小疆有话说,m,1990-01-15
2021-04-11 11:36:38,新疆,微博 weibo.com,巴里坤县网信巡查执法,m,
2021-04-12 16:36:34,新疆 乌鲁木齐,360安全浏览器,直播新疆,f,0001-00-00
2021-04-12 16:36:06,新疆 乌鲁木齐,360安全浏览器,直播新疆,f,0001-00-00
2021-04-12 16:35:40,新疆 乌鲁木齐,360安全浏览器,直播新疆,f,0001-00-00
2021-04-12 16:35:12,新疆 乌鲁木齐,360安全浏览器,直播新疆,f,0001-00-00
2021-04-12 16:34:43,新疆 乌鲁木齐,360安全浏览器,直播新疆,f,0001-00-00
2021-04-12 16:34:13,新疆 乌鲁木齐,360安全浏览器,直播新疆,f,0001-00-00
2021-04-12 16:33:48,新疆 乌鲁木齐,360安全浏览器,直播新疆,f,0001-00-00
2021-04-12 16:33:22,新疆 乌鲁木齐,360安全浏览器,直播新疆,f,0001-00-00
2021-04-12 16:32:47,新疆 乌鲁木齐,360安全浏览器,直播新疆,f,0001-00-00
2021-04-12 16:32:21,新疆 乌鲁木齐,360安全浏览器,直播新疆,f,0001-00-00
2021-04-11 22:16:51,新疆,nova6 自拍大不一样,网信奇台,m,1986-02-18
2021-04-11 21:39:18,新疆,微博视频号,天山网,f,0001-00-00
2021-04-11 21:39:03,新疆,微博视频号,新疆发布,m,
2021-04-11 21:04:40,新疆 阿勒泰,微博 weibo.com,阿勒泰市政府网,m,0001-00-00
2021-04-11 21:02:58,新疆,nova7Pro你在焦点在,清澄的琉璃色D,f,1993-03-10
2021-04-11 21:02:47,新疆 阿勒泰,微博 weibo.com,阿勒泰市政府网,m,0001-00-00
2021-04-11 21:02:23,新疆 阿勒泰,微博 weibo.com,阿勒泰市政府网,m,0001-00-00
2021-04-11 21:01:39,新疆 阿勒泰,微博 weibo.com,阿勒泰市政府网,m,0001-00-00
2021-04-11 20:59:32,新疆 阿勒泰,微博 weibo.com,阿勒泰市政府网,m,0001-00-00
2021-04-11 20:58:53,新疆 阿勒泰,微博 weibo.com,阿勒泰市政府网,m,0001-00-00
2021-04-13 11:15:35,新疆,微博 weibo.com,伊犁日报,m,0001-00-00
2021-04-13 11:14:59,新疆,微博 weibo.com,伊犁日报,m,0001-00-00
2021-04-13 11:14:09,新疆,微博 weibo.com,伊犁日报,m,0001-00-00
2021-04-13 11:13:19,新疆,微博 weibo.com,伊犁日报,m,0001-00-00
2021-04-13 11:12:16,新疆,微博 weibo.com,伊犁日报,m,0001-00-00
2021-04-13 10:59:55,,nova8Pro我由我掌镜,Seterrrrrr,f,
2021-04-13 10:59:55,青海 海东,华为畅享5G,阿依努尔01479,f,2018-08-10
2021-04-13 10:58:26,新疆,360安全浏览器,拜城县融媒体中心,f,1980-01-01
2021-04-13 10:52:44,其他,HUAWEI P30,核桃树下的巴郎子,f,天蝎座
2021-04-13 10:50:54,新疆 昌吉,vivo Z3性能实力派,令狐猫猫991,f,水瓶座
2021-04-12 16:31:15,新疆 乌鲁木齐,360安全浏览器,直播新疆,f,0001-00-00
2021-04-12 16:30:39,新疆 乌鲁木齐,360安全浏览器,直播新疆,f,0001-00-00
2021-04-12 16:28:00,新疆,微博 weibo.com,额敏政法,m,2020-09-09
2021-04-12 16:26:13,新疆,nova6 5G自拍大不一样,imfeyaa,f,1994-12-29
2021-04-12 16:23:51,新疆,OPPO超视野全面屏R15,塔城市司法行政,m,1990-01-01
2021-04-12 16:10:07,其他,360安全浏览器,乌苏政法,f,
2021-04-12 16:05:07,其他,OPPO Reno3 元气版 5G,阳仔金豆,m,
2021-04-12 15:55:03,新疆,微博视频号,新疆发布,m,
2021-04-12 15:49:03,其他,小米8周年旗舰手机,噜啦啦0912,f,
2021-04-12 15:39:07,安徽,微博视频号,淮南山南警方在线,m,2000-02-12
2021-04-11 11:35:08,新疆,微博 weibo.com,巴里坤县网信巡查执法,m,
2021-04-11 11:34:31,新疆,微博 weibo.com,巴里坤县网信巡查执法,m,
2021-04-11 11:34:14,新疆,微博 weibo.com,巴里坤县网信巡查执法,m,
2021-04-11 11:33:57,新疆,微博 weibo.com,巴里坤县网信巡查执法,m,
2021-04-11 11:33:56,新疆 乌鲁木齐,微博视频号,小疆有话说,m,1990-01-15
2021-04-11 11:32:51,新疆 乌鲁木齐,微博视频号,小疆有话说,m,1990-01-15
2021-04-11 11:31:44,新疆 乌鲁木齐,微博视频号,小疆有话说,m,1990-01-15
2021-04-11 11:30:12,新疆 乌鲁木齐,微博视频号,小疆有话说,m,1990-01-15
2021-04-11 11:27:18,新疆,HUAWEI P40 Pro 5G,阿勒泰日报,m,0001-00-00
2021-04-11 11:27:06,新疆,HUAWEI P40 Pro 5G,阿勒泰日报,m,0001-00-00
2021-04-11 20:52:29,新疆 阿勒泰,微博 weibo.com,阿勒泰市政府网,m,0001-00-00
2021-04-11 20:50:57,新疆 阿勒泰,微博 weibo.com,阿勒泰市政府网,m,0001-00-00
2021-04-11 20:49:57,新疆 阿勒泰,微博 weibo.com,阿勒泰市政府网,m,0001-00-00
2021-04-11 20:48:46,新疆 阿勒泰,微博 weibo.com,阿勒泰市政府网,m,0001-00-00
2021-04-11 20:48:19,新疆 阿勒泰,微博 weibo.com,阿勒泰市政府网,m,0001-00-00
2021-04-11 20:44:58,新疆 阿勒泰,微博 weibo.com,阿勒泰市政府网,m,0001-00-00
2021-04-11 20:43:33,新疆 阿勒泰,微博 weibo.com,阿勒泰市政府网,m,0001-00-00
2021-04-11 20:41:55,新疆 阿勒泰,微博 weibo.com,阿勒泰市政府网,m,0001-00-00
2021-04-11 20:41:08,新疆 阿勒泰,微博 weibo.com,阿勒泰市政府网,m,0001-00-00
2021-04-11 20:39:38,新疆 阿勒泰,微博 weibo.com,阿勒泰市政府网,m,0001-00-00
2021-04-10 10:04:33,新疆 阿勒泰,荣耀9 美得有声有色,哈巴河县政府网,m,0001-00-00
2021-04-10 10:04:08,新疆 阿勒泰,荣耀9 美得有声有色,哈巴河县政府网,m,0001-00-00
2021-04-10 09:45:51,其他,iPhone客户端,可爱潘宝,f,
2021-04-10 09:43:52,其他,iPhone客户端,可爱潘宝,f,
2021-04-10 09:43:47,其他,HUAWEI P30 Pro,白天的星星空空,f,
2021-04-10 08:02:12,北京,前置双摄vivo X9,城南凝聚力,m,1987-11-19
2021-04-10 08:00:05,北京,前置双摄vivo X9,城南凝聚力,m,1987-11-19
2021-04-10 00:24:52,,nova8Pro我由我掌镜,Seterrrrrr,f,
2021-04-09 22:45:13,其他,微博小程序,小月亮4604,f,
2021-04-09 22:41:39,其他,OPPO Reno4 5G,YG呀678,m,
2021-04-11 10:25:20,新疆 阿勒泰,微博 weibo.com,喀纳斯景区管委会,m,0001-00-00
2021-04-11 10:25:07,新疆 阿勒泰,微博 weibo.com,喀纳斯景区管委会,m,0001-00-00
2021-04-11 10:05:57,新疆 阿勒泰,微博 weibo.com,吉木乃县政府网站,m,0001-00-00
2021-04-11 09:56:38,新疆,iPhone客户端,QR二五零,m,1996-12-04
2021-04-11 09:31:00,新疆,Android,阿勒泰发布,m,2012-02-24
2021-04-10 23:30:44,新疆,HUAWEI P20,哈密日报,m,
2021-04-10 23:29:48,新疆,HUAWEI P20,哈密日报,m,
2021-04-10 23:29:00,新疆,HUAWEI P20,哈密日报,m,
2021-04-10 22:52:08,新疆 阿勒泰,微博 weibo.com,青河县政府网,m,0001-00-00
2021-04-10 22:44:23,新疆 阿勒泰,微博 weibo.com,青河县政府网,m,0001-00-00
2021-04-11 11:32:51,新疆 乌鲁木齐,微博视频号,小疆有话说,m,1990-01-15
2021-04-11 11:31:44,新疆 乌鲁木齐,微博视频号,小疆有话说,m,1990-01-15
2021-04-11 11:30:12,新疆 乌鲁木齐,微博视频号,小疆有话说,m,1990-01-15
2021-04-11 11:27:18,新疆,HUAWEI P40 Pro 5G,阿勒泰日报,m,0001-00-00
2021-04-11 11:27:06,新疆,HUAWEI P40 Pro 5G,阿勒泰日报,m,0001-00-00
2021-04-11 11:16:56,贵州,小米8周年旗舰手机,老刘家的巴郎子,m,天秤座
2021-04-11 10:55:40,其他,小米8周年旗舰手机,噜啦啦0912,f,
2021-04-11 10:41:38,新疆 乌鲁木齐,Android,飞龙犹在克拉霉,m,巨蟹座
2021-04-11 10:25:49,新疆 阿勒泰,微博 weibo.com,喀纳斯景区管委会,m,0001-00-00
2021-04-11 10:25:35,新疆 阿勒泰,微博 weibo.com,喀纳斯景区管委会,m,0001-00-00
2021-04-16 08:08:02,贵州 贵阳,iPhone客户端,一颗豆豆两个米dd,f,1991-11-11
2021-04-15 22:58:03,海外 美国,微博 weibo.com,美东侨报,m,1990-01-05
2021-04-15 21:19:01,新疆 克拉玛依,iPhone 7 Plus,伊伊璐,f,1980-03-14
2021-04-15 19:58:16,新疆 阿克苏,TRS微博管理平台,新和县融媒体中心,f,2007-02-03
2021-04-15 17:43:16,新疆 阿勒泰,微博 weibo.com,阿勒泰市政府网,m,0001-00-00
2021-04-14 11:23:18,新疆 乌鲁木齐,微博视频号,小疆有话说,m,1990-01-15
2021-04-14 18:17:05,新疆 乌鲁木齐,微博视频号,小疆有话说,m,1990-01-15
2021-04-15 15:55:26,新疆 阿克苏,OPPO R9s,春风雨露228,f,1990-03-28
2021-04-15 13:17:27,北京,HUAWEI P20 Pro,北外出国预科刘老师,f,01-01
2021-04-15 13:00:26,新疆 乌鲁木齐,荣耀10 AI变色更潮美,这个大叔坏坏的,m,1988-04-04
2021-04-09 22:20:51,其他,vivo Y5s 闪充强续航,zhh048,f,
2021-04-09 22:15:13,其他,Android客户端,家和万事兴·吉祥如意,m,
2021-04-09 20:21:16,其他,HUAWEI P30 Pro,克拉玛依马东锡,m,
2021-04-09 19:13:08,新疆,nova5Pro人像超级夜景,klmyqzp,m,
2021-04-09 18:55:45,,iPhone X,欧卖噶d,m,
2021-04-09 18:42:52,新疆 阿克苏,HUAWEI Mate30 Pro 5G,新疆LZP,m,
2021-04-09 18:18:47,北京 朝阳区,iPhone 12 Pro,SeadaArt花艺工作室,f,2013-05-05
2021-04-09 17:40:32,新疆 阿克苏,OPPO Reno5 Pro 5G,浮尘冰凉指尖,m,射手座
2021-04-09 17:07:12,新疆 阿克苏,OPPO R9s,春风雨露228,f,1990-03-28
2021-04-09 17:04:30,新疆 阿克苏,OPPO R9s,春风雨露228,f,1990-03-28
2021-04-10 18:58:05,新疆 巴音郭楞,OPPO Reno2,自嘲自讽LRZ,m,1999-01-13
2021-04-10 18:56:13,海外,iPhone 8,niruddha,m,2000-04-20
2021-04-10 18:30:57,新疆 乌鲁木齐,HUAWEI P40 Pro 5G,浮华一瞬百年空,m,
2021-04-10 18:17:10,江苏,HUAWEI Mate 20 X,璃小月儿,f,1995-10-13
2021-04-10 18:16:50,江苏,HUAWEI Mate 20 X,璃小月儿,f,1995-10-13
2021-04-10 18:03:09,青海 海东,华为畅享5G,阿依努尔01479,f,2018-08-10
2021-04-10 15:39:03,新疆,微博 weibo.com,新疆发布,m,
2021-04-10 15:28:03,新疆,微博 weibo.com,天山网,f,0001-00-00
2021-04-10 15:05:28,新疆,微博 weibo.com,昌吉市融媒体中心,m,0001-00-00
2021-04-10 14:40:20,新疆,微博 weibo.com,新疆发布,m,
2021-04-12 16:39:43,新疆 乌鲁木齐,360安全浏览器,直播新疆,f,0001-00-00
2021-04-12 16:39:35,新疆 乌鲁木齐,360安全浏览器,直播新疆,f,0001-00-00
2021-04-12 16:39:32,新疆,Android,阿勒泰发布,m,2012-02-24
2021-04-12 16:39:01,新疆,Android,阿勒泰发布,m,2012-02-24
2021-04-12 16:38:35,新疆 乌鲁木齐,360安全浏览器,直播新疆,f,0001-00-00
2021-04-12 16:37:52,新疆 乌鲁木齐,360安全浏览器,直播新疆,f,0001-00-00
2021-04-12 16:37:28,新疆 乌鲁木齐,360安全浏览器,直播新疆,f,0001-00-00
2021-04-12 16:36:34,新疆 乌鲁木齐,360安全浏览器,直播新疆,f,0001-00-00
2021-04-12 16:36:06,新疆 乌鲁木齐,360安全浏览器,直播新疆,f,0001-00-00
2021-04-12 16:35:40,新疆 乌鲁木齐,360安全浏览器,直播新疆,f,0001-00-00
2021-04-10 18:03:09,青海 海东,华为畅享5G,阿依努尔01479,f,2018-08-10
2021-04-10 15:39:03,新疆,微博 weibo.com,新疆发布,m,
2021-04-10 15:28:03,新疆,微博 weibo.com,天山网,f,0001-00-00
2021-04-10 15:05:28,新疆,微博 weibo.com,昌吉市融媒体中心,m,0001-00-00
2021-04-10 14:40:20,新疆,微博 weibo.com,新疆发布,m,
2021-04-10 14:38:12,新疆,微博 weibo.com,天山网,f,0001-00-00
2021-04-10 13:41:57,甘肃 平凉,OPPO Reno,凌念7,m,处女座
2021-04-10 13:14:09,新疆,nova6 自拍大不一样,网信奇台,m,1986-02-18
2021-04-10 13:13:21,新疆 阿克苏,OPPO R9s,春风雨露228,f,1990-03-28
2021-04-10 13:13:06,新疆 阿克苏,OPPO R9s,春风雨露228,f,1990-03-28
2021-04-14 11:28:38,新疆 乌鲁木齐,微博视频号,小疆有话说,m,1990-01-15
2021-04-15 12:25:53,新疆,HUAWEI Mate 20,爱老婆不爱情人,m,双子座
2021-04-15 12:01:35,新疆 乌鲁木齐,微博视频号,小疆有话说,m,1990-01-15
2021-04-14 11:26:53,新疆 乌鲁木齐,微博视频号,小疆有话说,m,1990-01-15
2021-04-15 11:59:28,新疆 乌鲁木齐,微博视频号,小疆有话说,m,1990-01-15
2021-04-14 11:25:25,新疆 乌鲁木齐,微博视频号,小疆有话说,m,1990-01-15
2021-04-15 11:52:56,新疆 乌鲁木齐,微博视频号,小疆有话说,m,1990-01-15
2021-04-15 11:27:06,陕西 西安,微博视频号,西安老方A,m,0001-00-00
2021-04-15 11:13:19,新疆 乌鲁木齐,微博视频号,小疆有话说,m,1990-01-15
2021-04-15 11:01:19,新疆,微博 weibo.com,伊犁日报,m,0001-00-00
2021-04-09 17:07:12,新疆 阿克苏,OPPO R9s,春风雨露228,f,1990-03-28
2021-04-09 17:04:30,新疆 阿克苏,OPPO R9s,春风雨露228,f,1990-03-28
2021-04-09 16:35:59,其他,OPPO Reno3 Pro 5G,Lanjai37,f,
2021-04-09 16:35:01,新疆 巴音郭楞,OPPO Find X,半块糖_2206,f,1986-05-24
2021-04-09 16:27:57,新疆 乌鲁木齐,微博视频号,小疆有话说,m,1990-01-15
2021-04-09 16:22:58,新疆 乌鲁木齐,微博视频号,小疆有话说,m,1990-01-15
2021-04-09 16:09:25,新疆,HUAWEI P40 Pro 5G,阿勒泰日报,m,0001-00-00
2021-04-09 16:09:07,新疆,HUAWEI P40 Pro 5G,阿勒泰日报,m,0001-00-00
2021-04-09 16:08:38,新疆 乌鲁木齐,微博视频号,小疆有话说,m,1990-01-15
2021-04-09 16:00:13,新疆 乌鲁木齐,微博视频号,小疆有话说,m,1990-01-15
2021-04-12 16:34:43,新疆 乌鲁木齐,360安全浏览器,直播新疆,f,0001-00-00
2021-04-12 16:34:13,新疆 乌鲁木齐,360安全浏览器,直播新疆,f,0001-00-00
2021-04-12 16:33:48,新疆 乌鲁木齐,360安全浏览器,直播新疆,f,0001-00-00
2021-04-11 11:35:08,新疆 乌鲁木齐,微博视频号,小疆有话说,m,1990-01-15
2021-04-12 14:48:39,甘肃,HUAWEI nova 3,For丨Tomorrow阿Q精神,m,2017-05-28
2021-04-12 13:15:48,新疆 乌鲁木齐,荣耀10 AI变色更潮美,紫落me,f,1988-03-22
2021-04-11 11:44:39,新疆 乌鲁木齐,微博视频号,小疆有话说,m,1990-01-15
2021-04-11 11:45:42,新疆 乌鲁木齐,微博视频号,小疆有话说,m,1990-01-15
2021-04-11 11:43:32,新疆 乌鲁木齐,微博视频号,小疆有话说,m,1990-01-15
2021-04-12 11:35:17,新疆,iPhone客户端,QR二五零,m,1996-12-04
2021-04-10 13:11:39,新疆 阿克苏,OPPO R9s,春风雨露228,f,1990-03-28
2021-04-10 13:11:03,新疆 阿克苏,OPPO R9s,春风雨露228,f,1990-03-28
2021-04-10 13:10:41,新疆 阿克苏,OPPO R9s,春风雨露228,f,1990-03-28
2021-04-10 13:10:06,新疆 阿克苏,OPPO R9s,春风雨露228,f,1990-03-28
2021-04-10 12:39:09,其他,iPhone客户端,哈密网信巡查执法,f,
2021-04-10 12:39:04,其他,iPhone客户端,哈密网信巡查执法,f,
2021-04-10 12:38:51,其他,iPhone客户端,哈密网信巡查执法,f,
2021-04-10 12:38:40,其他,iPhone客户端,哈密网信巡查执法,f,
2021-04-10 12:38:34,其他,iPhone客户端,哈密网信巡查执法,f,
2021-04-10 12:38:28,其他,iPhone客户端,哈密网信巡查执法,f,
2021-04-09 14:36:11,甘肃,HUAWEI nova 3,For丨Tomorrow阿Q精神,m,2017-05-28
2021-04-08 23:19:03,新疆,微博 weibo.com,天山网,f,0001-00-00
2021-04-07 17:25:40,福建,微博视频号,第一次小姐姐sun,f,
2021-04-07 16:12:03,新疆,微博 weibo.com,天山网,f,0001-00-00
2021-04-06 20:00:04,北京,微博视频号,平安北京,m,
2021-04-06 16:25:01,北京,微博视频号,联播中国,f,1989-01-01
2021-04-06 15:53:59,新疆,微博视频号,天山网,f,0001-00-00
2021-04-06 13:52:56,新疆,微博视频号,天山网,f,0001-00-00
2021-04-05 20:11:36,新疆,微博 weibo.com,天山网,f,0001-00-00
2021-04-05 17:40:03,新疆,微博 weibo.com,天山网,f,0001-00-00
2021-04-15 10:50:36,西藏 拉萨,vivo Y70s 5G,家有贤妻日子美,m,1991-04-06
2021-04-15 10:40:54,新疆,微博 weibo.com,网信奇台,m,1986-02-18
2021-04-15 10:25:34,新疆 阿勒泰,微博 weibo.com,喀纳斯景区管委会,m,0001-00-00
2021-04-15 08:32:28,新疆,nova6 5G自拍大不一样,imfeyaa,f,1994-12-29
2021-04-15 06:55:46,辽宁 沈阳,OPPO随光而变R17 Pro,庞观者1,m,水瓶座
2021-04-15 04:51:27,新疆,nova6 5G自拍大不一样,imfeyaa,f,1994-12-29
2021-04-14 10:56:59,新疆 乌鲁木齐,微博视频号,小疆有话说,m,1990-01-15
2021-04-13 16:43:33,新疆 乌鲁木齐,微博视频号,小疆有话说,m,1990-01-15
2021-04-13 16:30:35,新疆 乌鲁木齐,微博视频号,小疆有话说,m,1990-01-15
2021-04-13 16:24:49,新疆 乌鲁木齐,微博视频号,小疆有话说,m,1990-01-15
2021-04-12 11:10:40,新疆,微博 weibo.com,昌吉市融媒体中心,m,0001-00-00
2021-04-11 11:33:56,新疆 乌鲁木齐,微博视频号,小疆有话说,m,1990-01-15
2021-04-11 11:30:12,新疆 乌鲁木齐,微博视频号,小疆有话说,m,1990-01-15
2021-04-11 11:40:23,新疆 乌鲁木齐,微博视频号,小疆有话说,m,1990-01-15
2021-04-12 10:28:20,新疆 阿勒泰,微博 weibo.com,喀纳斯景区管委会,m,0001-00-00
2021-04-12 10:27:20,新疆,微博 weibo.com,网信奇台,m,1986-02-18
2021-04-12 09:20:07,新疆,微博 weibo.com,巴里坤县网信巡查执法,m,
2021-04-12 09:19:52,新疆,微博 weibo.com,巴里坤县网信巡查执法,m,
2021-04-12 09:19:26,新疆,微博 weibo.com,巴里坤县网信巡查执法,m,
2021-04-11 11:31:44,新疆 乌鲁木齐,微博视频号,小疆有话说,m,1990-01-15
2021-04-10 12:39:04,其他,iPhone客户端,哈密网信巡查执法,f,
2021-04-10 12:38:51,其他,iPhone客户端,哈密网信巡查执法,f,
2021-04-10 12:38:40,其他,iPhone客户端,哈密网信巡查执法,f,
2021-04-10 12:38:34,其他,iPhone客户端,哈密网信巡查执法,f,
2021-04-10 12:38:28,其他,iPhone客户端,哈密网信巡查执法,f,
2021-04-10 12:38:18,其他,iPhone客户端,哈密网信巡查执法,f,
2021-04-10 12:38:12,其他,iPhone客户端,哈密网信巡查执法,f,
2021-04-10 12:38:02,其他,iPhone客户端,哈密网信巡查执法,f,
2021-04-10 12:33:33,新疆,360安全浏览器,伊犁日报,m,0001-00-00
2021-04-10 12:32:33,新疆,360安全浏览器,伊犁日报,m,0001-00-00
2021-04-05 13:54:37,新疆,搜狗高速浏览器,天山网,f,0001-00-00
2021-04-04 21:09:03,新疆,微博 weibo.com,天山网,f,0001-00-00
2021-04-04 19:00:03,新疆,微博 weibo.com,天山网,f,0001-00-00
2021-04-04 16:57:59,新疆,微博 weibo.com,天山网,f,0001-00-00
2021-04-04 12:10:03,新疆,微博 weibo.com,天山网,f,0001-00-00
2021-04-03 15:59:28,新疆,微博原生直播,天山网,f,0001-00-00
2021-04-03 14:14:03,新疆,微博 weibo.com,天山网,f,0001-00-00
2021-04-03 10:35:06,新疆 乌鲁木齐,微博视频号,新疆检察,m,
2021-04-02 23:31:10,新疆,搜狗高速浏览器,天山网,f,0001-00-00
2021-04-02 23:17:24,新疆,搜狗高速浏览器,天山网,f,0001-00-00
2021-04-14 18:15:57,新疆 乌鲁木齐,iPhone X,EdwardBYQ,m,1990-03-22
2021-04-13 16:28:10,新疆 乌鲁木齐,微博视频号,小疆有话说,m,1990-01-15
2021-04-14 18:12:00,新疆 乌鲁木齐,iPhone X,EdwardBYQ,m,1990-03-22
2021-04-14 17:19:29,新疆,微博 weibo.com,网信奇台,m,1986-02-18
2021-04-13 16:42:02,新疆 乌鲁木齐,微博视频号,小疆有话说,m,1990-01-15
2021-04-14 16:54:28,新疆 阿克苏,OPPO R9s,春风雨露228,f,1990-03-28
2021-04-14 16:52:37,新疆 阿克苏,OPPO R9s,春风雨露228,f,1990-03-28
2021-04-14 16:30:14,新疆 阿勒泰,微博 weibo.com,阿勒泰市政府网,m,0001-00-00
2021-04-14 16:29:57,新疆 阿勒泰,微博 weibo.com,阿勒泰市政府网,m,0001-00-00
2021-04-13 16:32:37,新疆 乌鲁木齐,微博视频号,小疆有话说,m,1990-01-15
2021-04-11 22:18:40,新疆,nova6 自拍大不一样,网信奇台,m,1986-02-18
2021-04-11 22:16:51,新疆,nova6 自拍大不一样,网信奇台,m,1986-02-18
2021-04-11 21:04:40,新疆 阿勒泰,微博 weibo.com,阿勒泰市政府网,m,0001-00-00
2021-04-11 21:02:47,新疆 阿勒泰,微博 weibo.com,阿勒泰市政府网,m,0001-00-00
2021-04-11 20:44:58,新疆 阿勒泰,微博 weibo.com,阿勒泰市政府网,m,0001-00-00
2021-04-11 20:43:33,新疆 阿勒泰,微博 weibo.com,阿勒泰市政府网,m,0001-00-00
2021-04-11 20:41:55,新疆 阿勒泰,微博 weibo.com,阿勒泰市政府网,m,0001-00-00
2021-04-11 18:51:52,新疆 阿克苏,TRS微博管理平台,新和县融媒体中心,f,2007-02-03
2021-04-11 18:50:20,新疆 阿克苏,TRS微博管理平台,新和县融媒体中心,f,2007-02-03
2021-04-11 18:25:39,吉林 长春,iPhone客户端,黑豆MIX,m,
2021-04-02 23:31:10,新疆,搜狗高速浏览器,天山网,f,0001-00-00
2021-04-02 23:17:24,新疆,搜狗高速浏览器,天山网,f,0001-00-00
2021-04-02 20:15:03,新疆,微博视频号,天山网,f,0001-00-00
2021-04-02 20:10:03,新疆,微博 weibo.com,天山网,f,0001-00-00
2021-04-02 20:00:47,新疆,微博视频号,天山网,f,0001-00-00
2021-04-02 16:29:03,新疆,微博 weibo.com,天山网,f,0001-00-00
2021-04-02 16:04:03,新疆,微博 weibo.com,天山网,f,0001-00-00
2021-04-02 15:02:35,新疆,微博视频号,天山网,f,0001-00-00
2021-04-02 14:03:00,新疆,微博视频号,天山网,f,0001-00-00
2021-04-02 13:24:03,新疆,微博 weibo.com,天山网,f,0001-00-00
2021-04-10 12:29:32,新疆,360安全浏览器,伊犁日报,m,0001-00-00
2021-04-10 12:28:57,新疆,360安全浏览器,伊犁日报,m,0001-00-00
2021-04-10 12:28:31,新疆,360安全浏览器,伊犁日报,m,0001-00-00
2021-04-10 12:13:41,新疆 乌鲁木齐,iPhone客户端,别再回忆,m,
2021-04-10 11:53:49,新疆 阿克苏,微博 weibo.com,姑墨女神,f,1988-12-08
2021-04-10 11:53:37,新疆 阿克苏,微博 weibo.com,姑墨女神,f,1988-12-08
2021-04-10 11:50:03,新疆 乌鲁木齐,微博视频号,小疆有话说,m,1990-01-15
2021-04-10 11:48:22,新疆 巴音郭楞,OPPO Find X,半块糖_2206,f,1986-05-24
2021-04-10 11:45:03,新疆 乌鲁木齐,微博视频号,小疆有话说,m,1990-01-15
2021-04-10 11:40:03,新疆 乌鲁木齐,微博视频号,小疆有话说,m,1990-01-15
2021-04-13 16:38:13,新疆 乌鲁木齐,微博视频号,小疆有话说,m,1990-01-15
2021-04-13 16:45:28,新疆 乌鲁木齐,微博视频号,小疆有话说,m,1990-01-15
2021-04-14 12:28:57,新疆,微博 weibo.com,新疆发布,m,
2021-04-13 16:54:24,新疆 乌鲁木齐,微博视频号,小疆有话说,m,1990-01-15
2021-04-13 16:26:57,新疆 乌鲁木齐,微博视频号,小疆有话说,m,1990-01-15
2021-04-14 10:55:59,新疆,微博 weibo.com,昌吉市融媒体中心,m,0001-00-00
2021-04-14 10:53:01,新疆,微博 weibo.com,网信奇台,m,1986-02-18
2021-04-14 10:33:33,新疆 阿勒泰,微博 weibo.com,喀纳斯景区管委会,m,0001-00-00
2021-04-14 10:23:44,新疆 阿勒泰,微博 weibo.com,喀纳斯景区管委会,m,0001-00-00
2021-04-14 10:23:25,新疆 阿勒泰,微博 weibo.com,喀纳斯景区管委会,m,0001-00-00
2021-04-11 18:20:32,新疆,微博视频号,青河县融媒体中心,m,1992-06-21
2021-04-11 18:13:25,新疆,微博 weibo.com,哈密日报,m,
2021-04-11 18:13:13,新疆,微博 weibo.com,哈密日报,m,
2021-04-11 18:13:01,新疆,微博 weibo.com,哈密日报,m,
2021-04-11 18:12:50,新疆,微博 weibo.com,哈密日报,m,
2021-04-11 18:12:38,新疆,微博 weibo.com,哈密日报,m,
2021-04-11 16:21:45,海外 日本,华为手机,mio妈妈在日本,f,1987-11-14
2021-04-11 16:10:44,重庆,微博小程序,豹纹秋裤11,m,
2021-04-11 16:07:03,新疆,微博 weibo.com,昌吉市融媒体中心,m,0001-00-00
2021-04-11 12:48:29,甘肃,HUAWEI nova 3,For丨Tomorrow阿Q精神,m,2017-05-28
2021-04-02 15:02:35,新疆,微博视频号,天山网,f,0001-00-00
2021-04-02 14:03:00,新疆,微博视频号,天山网,f,0001-00-00
2021-04-02 13:24:03,新疆,微博 weibo.com,天山网,f,0001-00-00
2021-04-02 13:13:03,新疆,微博 weibo.com,天山网,f,0001-00-00
2021-04-01 23:30:45,新疆,搜狗高速浏览器,天山网,f,0001-00-00
2021-04-01 20:10:22,新疆,微博视频号,天山网,f,0001-00-00
2021-04-01 18:40:28,新疆,微博 weibo.com,新疆铁路,m,01-01
2021-04-01 18:40:00,新疆,微博 weibo.com,新疆铁路,m,01-01
2021-04-01 17:14:02,新疆,搜狗高速浏览器,天山网,f,0001-00-00
2021-04-01 15:16:51,新疆,搜狗高速浏览器,天山网,f,0001-00-00
2021-04-10 11:45:03,新疆 乌鲁木齐,微博视频号,小疆有话说,m,1990-01-15
2021-04-10 11:40:03,新疆 乌鲁木齐,微博视频号,小疆有话说,m,1990-01-15
2021-04-10 11:35:24,辽宁 沈阳,HUAWEI Mate 20 Pro,我是happylady,f,1989-05-23
2021-04-10 11:34:04,青海,OPPO Find X,奔be儿灞,f,
2021-04-10 11:32:44,青海,OPPO Find X,奔be儿灞,f,
2021-04-10 11:32:40,新疆 乌鲁木齐,iPhone客户端,従矜懿後,f,0001-00-00
2021-04-10 11:30:03,新疆 乌鲁木齐,微博视频号,小疆有话说,m,1990-01-15
2021-04-10 11:23:22,新疆,vivo智能手机,我有大象耶,f,1998-01-05
2021-04-10 11:20:03,新疆 乌鲁木齐,微博视频号,小疆有话说,m,1990-01-15
2021-04-10 11:15:04,新疆 乌鲁木齐,微博视频号,小疆有话说,m,1990-01-15
2021-04-14 10:22:16,新疆,微博 weibo.com,巴里坤县网信巡查执法,m,
2021-04-14 10:17:13,新疆,微博 weibo.com,巴里坤县网信巡查执法,m,
2021-04-14 08:25:03,黑龙江,微博视频号,诺敏河人民检察,m,
2021-04-13 16:48:43,新疆 乌鲁木齐,微博视频号,小疆有话说,m,1990-01-15
2021-04-12 23:22:03,新疆,微博视频号,天山网,f,0001-00-00
2021-04-12 11:13:12,新疆 乌鲁木齐,微博视频号,小疆有话说,m,1990-01-15
2021-04-13 18:50:03,新疆 巴音郭楞,OPPO Reno2,自嘲自讽LRZ,m,1999-01-13
2021-04-13 18:25:40,新疆 阿克苏,TRS微博管理平台,新和县融媒体中心,f,2007-02-03
2021-04-13 18:25:24,新疆 阿勒泰,微博 weibo.com,阿勒泰市政府网,m,0001-00-00
2021-04-13 18:22:16,新疆 阿克苏,TRS微博管理平台,新和县融媒体中心,f,2007-02-03
2021-03-31 22:44:03,新疆,微博 weibo.com,天山网,f,0001-00-00
2021-03-31 22:23:26,新疆,微博视频号,天山网,f,0001-00-00
2021-03-31 21:00:03,新疆,微博 weibo.com,天山网,f,0001-00-00
2021-03-31 17:30:04,新疆,微博视频号,天山网,f,0001-00-00
2021-03-31 16:00:03,新疆,微博 weibo.com,天山网,f,0001-00-00
2021-03-31 15:00:03,新疆,微博 weibo.com,天山网,f,0001-00-00
2021-03-31 14:30:03,新疆,微博视频号,天山网,f,0001-00-00
2021-03-31 14:00:03,新疆,微博 weibo.com,天山网,f,0001-00-00
2021-03-31 12:00:04,新疆,微博 weibo.com,天山网,f,0001-00-00
2021-04-11 12:24:17,新疆,微博 weibo.com,伊犁日报,m,0001-00-00
2021-04-11 12:22:57,新疆,微博 weibo.com,伊犁日报,m,0001-00-00
2021-04-11 12:21:08,新疆,微博 weibo.com,伊犁日报,m,0001-00-00
2021-04-11 12:20:35,新疆,微博 weibo.com,伊犁日报,m,0001-00-00
2021-04-11 12:19:25,新疆,微博 weibo.com,伊犁日报,m,0001-00-00
2021-04-11 11:46:49,,iPhone客户端,又又shuang,f,
2021-04-10 11:30:03,新疆 乌鲁木齐,微博视频号,小疆有话说,m,1990-01-15
2021-04-10 11:45:03,新疆 乌鲁木齐,微博视频号,小疆有话说,m,1990-01-15
2021-04-10 22:52:08,新疆 阿勒泰,微博 weibo.com,青河县政府网,m,0001-00-00
2021-04-09 16:00:13,新疆 乌鲁木齐,微博视频号,小疆有话说,m,1990-01-15
2021-04-13 16:57:19,其他,nova8 我由我掌镜,用户6357143597,f,
2021-04-13 16:49:36,新疆 阿克苏,OPPO R9s,春风雨露228,f,1990-03-28
2021-04-13 16:37:35,新疆 阿克苏,OPPO R9s,春风雨露228,f,1990-03-28
2021-04-12 11:11:59,新疆 乌鲁木齐,微博视频号,小疆有话说,m,1990-01-15
2021-04-12 11:20:28,新疆 乌鲁木齐,微博视频号,小疆有话说,m,1990-01-15
2021-04-12 11:26:50,新疆 乌鲁木齐,微博视频号,小疆有话说,m,1990-01-15
2021-04-12 11:17:44,新疆 乌鲁木齐,微博视频号,小疆有话说,m,1990-01-15
2021-04-10 11:10:03,新疆 乌鲁木齐,微博视频号,小疆有话说,m,1990-01-15
2021-04-10 11:05:25,新疆 乌鲁木齐,荣耀30 5G,谁的繁星满天,m,1984-08-26
2021-04-10 11:05:04,新疆 乌鲁木齐,微博视频号,小疆有话说,m,1990-01-15
2021-04-10 11:02:49,其他,nova7你在焦点在,佐伊ayaya,f,0001-00-00
2021-04-10 11:02:31,新疆,OPPO Reno,巴里坤县网信巡查执法,m,
2021-04-10 11:01:48,新疆,OPPO Reno,巴里坤县网信巡查执法,m,
2021-04-10 11:01:09,新疆,OPPO Reno,巴里坤县网信巡查执法,m,
2021-04-10 11:00:10,新疆,OPPO Reno,巴里坤县网信巡查执法,m,
2021-04-10 11:00:04,新疆 乌鲁木齐,微博视频号,小疆有话说,m,1990-01-15
2021-04-10 10:57:17,新疆,OPPO Reno,巴里坤县网信巡查执法,m,
2021-04-16 12:28:07,新疆 乌鲁木齐,微博视频号,小疆有话说,m,1990-01-15
2021-04-12 23:22:03,新疆,微博视频号,天山网,f,0001-00-00
2021-04-17 10:24:17,新疆 阿勒泰,微博 weibo.com,喀纳斯景区管委会,m,0001-00-00
2021-04-16 12:37:43,新疆 乌鲁木齐,微博视频号,小疆有话说,m,1990-01-15
2021-04-17 09:54:11,新疆,iPhone客户端,QR二五零,m,1996-12-04
2021-04-17 09:38:48,重庆,新版微博 weibo.com,偶是九九,f,1999-09-09
2021-04-17 09:17:18,新疆,微博 weibo.com,巴里坤县网信巡查执法,m,
2021-04-16 11:39:01,新疆 乌鲁木齐,微博视频号,小疆有话说,m,1990-01-15
2021-04-16 20:08:12,新疆,360安全浏览器,昌吉市融媒体中心,m,0001-00-00
2021-04-16 13:05:33,新疆,nova6 5G自拍大不一样,imfeyaa,f,1994-12-29
2021-04-16 12:03:03,新疆,微博 weibo.com,网信奇台,m,1986-02-18
2021-04-09 16:48:56,新疆 乌鲁木齐,微博视频号,小疆有话说,m,1990-01-15
2021-04-10 18:58:05,新疆 巴音郭楞,OPPO Reno2,自嘲自讽LRZ,m,1999-01-13
2021-04-10 18:56:13,海外,iPhone 8,niruddha,m,2000-04-20
2021-04-10 14:40:20,新疆,微博 weibo.com,新疆发布,m,
2021-04-09 16:45:34,新疆 乌鲁木齐,微博视频号,小疆有话说,m,1990-01-15
2021-04-10 15:39:03,新疆,微博 weibo.com,新疆发布,m,
2021-04-09 16:27:57,新疆 乌鲁木齐,微博视频号,小疆有话说,m,1990-01-15
2021-04-10 15:05:28,新疆,微博 weibo.com,昌吉市融媒体中心,m,0001-00-00
2021-04-09 16:31:17,新疆 乌鲁木齐,微博视频号,小疆有话说,m,1990-01-15
2021-04-10 13:14:09,新疆,nova6 自拍大不一样,网信奇台,m,1986-02-18
2021-04-10 11:00:04,新疆 乌鲁木齐,微博视频号,小疆有话说,m,1990-01-15
2021-04-10 10:57:17,新疆,OPPO Reno,巴里坤县网信巡查执法,m,
2021-04-10 10:56:58,新疆,OPPO Reno,巴里坤县网信巡查执法,m,
2021-04-10 10:55:03,新疆 乌鲁木齐,微博视频号,小疆有话说,m,1990-01-15
2021-04-10 10:51:32,新疆,HUAWEI P40 Pro 5G,阿勒泰日报,m,0001-00-00
2021-04-10 10:51:16,新疆,HUAWEI P40 Pro 5G,阿勒泰日报,m,0001-00-00
2021-04-10 10:50:03,新疆 乌鲁木齐,微博视频号,小疆有话说,m,1990-01-15
2021-04-10 10:37:38,其他,微博小程序,莫尼卡rr,f,
2021-04-10 10:37:15,新疆 阿勒泰,vivo AI智慧拍照X21,Djx-Leon,f,
2021-04-10 10:35:59,湖南 张家界,HUAWEI Mate 20,柠檬的味道111,f,2020-06-01
2021-04-13 14:19:34,北京 朝阳区,微博视频号,九节娘,f,
2021-04-13 13:46:55,,HUAWEI Mate 20,薛薛薛Rui,m,
2021-04-12 11:19:09,新疆 乌鲁木齐,微博视频号,小疆有话说,m,1990-01-15
2021-04-12 11:14:52,新疆 乌鲁木齐,微博视频号,小疆有话说,m,1990-01-15
2021-04-13 11:46:26,新疆 乌鲁木齐,OPPO随光而变R17,偏执的小左,f,1987-09-17
2021-04-13 11:42:21,新疆,微博 weibo.com,昌吉市融媒体中心,m,0001-00-00
2021-04-12 11:25:26,新疆 乌鲁木齐,微博视频号,小疆有话说,m,1990-01-15
2021-04-12 11:10:20,新疆 乌鲁木齐,微博视频号,小疆有话说,m,1990-01-15
2021-04-13 11:18:49,新疆,微博 weibo.com,网信奇台,m,1986-02-18
2021-04-13 11:16:16,新疆,微博 weibo.com,伊犁日报,m,0001-00-00
2021-04-16 11:59:20,新疆 乌鲁木齐,Redmi K20 Pro 真旗舰,行走改变命运,m,
2021-04-16 11:55:58,新疆 阿勒泰,微博 weibo.com,阿勒泰市政府网,m,0001-00-00
2021-04-16 11:51:57,新疆 克孜勒苏,nova7SE 5G你在焦点在,努努心肝,f,0001-00-00
2021-04-16 11:49:14,新疆,荣耀20,雪岭云杉85,m,
2021-04-16 11:33:05,新疆,微博 weibo.com,伊犁日报,m,0001-00-00
2021-04-16 11:15:43,,iPhone X,欧卖噶d,m,
2021-04-16 10:38:16,新疆 阿勒泰,微博 weibo.com,喀纳斯景区管委会,m,0001-00-00
2021-04-16 10:22:11,新疆,微博 weibo.com,巴里坤县网信巡查执法,m,
2021-04-16 09:40:38,新疆 阿克苏,OPPO Reno5 Pro 5G,浮尘冰凉指尖,m,射手座
2021-04-15 11:15:43,新疆 乌鲁木齐,微博视频号,小疆有话说,m,1990-01-15
2021-04-10 13:12:45,新疆,nova6 自拍大不一样,网信奇台,m,1986-02-18
2021-04-09 16:24:45,新疆 乌鲁木齐,微博视频号,小疆有话说,m,1990-01-15
2021-04-10 12:33:33,新疆,360安全浏览器,伊犁日报,m,0001-00-00
2021-04-10 12:32:33,新疆,360安全浏览器,伊犁日报,m,0001-00-00
2021-04-10 12:32:12,新疆,360安全浏览器,伊犁日报,m,0001-00-00
2021-04-10 12:31:48,新疆,360安全浏览器,伊犁日报,m,0001-00-00
2021-04-10 12:31:28,新疆,360安全浏览器,伊犁日报,m,0001-00-00
2021-04-10 12:30:57,新疆,360安全浏览器,伊犁日报,m,0001-00-00
2021-04-10 12:30:03,新疆,360安全浏览器,伊犁日报,m,0001-00-00
2021-04-10 12:29:32,新疆,360安全浏览器,伊犁日报,m,0001-00-00
2021-04-10 10:33:38,新疆 阿勒泰,微博 weibo.com,喀纳斯景区管委会,m,0001-00-00
2021-04-10 10:33:17,新疆 阿勒泰,微博 weibo.com,喀纳斯景区管委会,m,0001-00-00
2021-04-10 10:32:56,新疆 阿勒泰,微博 weibo.com,喀纳斯景区管委会,m,0001-00-00
2021-04-10 10:32:08,新疆 阿勒泰,微博 weibo.com,喀纳斯景区管委会,m,0001-00-00
2021-04-10 10:22:14,新疆 克拉玛依,K30 至尊纪念版,纳纳刘,f,1998-10-15
2021-04-10 10:20:54,新疆 克拉玛依,K30 至尊纪念版,纳纳刘,f,1998-10-15
2021-04-10 10:13:03,新疆,iPhone客户端,网信吉木萨尔,m,2000-10-01
2021-04-10 10:12:25,新疆 阿勒泰,小米MIX 3 滑盖全面屏,jdnshxjdbd,f,
2021-04-10 10:10:09,新疆 阿勒泰,微博 weibo.com,吉木乃县政府网站,m,0001-00-00
2021-04-10 10:04:33,新疆 阿勒泰,荣耀9 美得有声有色,哈巴河县政府网,m,0001-00-00
2021-04-13 11:15:35,新疆,微博 weibo.com,伊犁日报,m,0001-00-00
2021-04-13 11:14:09,新疆,微博 weibo.com,伊犁日报,m,0001-00-00
2021-04-13 11:13:19,新疆,微博 weibo.com,伊犁日报,m,0001-00-00
2021-04-13 11:12:16,新疆,微博 weibo.com,伊犁日报,m,0001-00-00
2021-04-13 10:36:26,新疆,微博 weibo.com,巴里坤县网信巡查执法,m,
2021-04-12 11:21:47,新疆 乌鲁木齐,微博视频号,小疆有话说,m,1990-01-15
2021-04-13 10:24:38,,iPhone X,欧卖噶d,m,
2021-04-13 10:24:10,,iPhone X,欧卖噶d,m,
2021-04-13 10:23:37,新疆 阿勒泰,微博 weibo.com,喀纳斯景区管委会,m,0001-00-00
2021-04-13 10:23:09,新疆 阿勒泰,微博 weibo.com,喀纳斯景区管委会,m,0001-00-00
2021-04-08 11:38:03,新疆 乌鲁木齐,微博视频号,小疆有话说,m,1990-01-15
2021-04-09 22:16:49,其他,小米10 青春版 5G,看花间有喜酒,m,
2021-04-09 20:01:15,新疆 阿克苏,TRS微博管理平台,新和县融媒体中心,f,2007-02-03
2021-04-09 20:00:13,新疆 阿克苏,TRS微博管理平台,新和县融媒体中心,f,2007-02-03
2021-04-08 11:52:03,新疆 乌鲁木齐,微博视频号,小疆有话说,m,1990-01-15
2021-04-09 18:56:55,,iPhone X,欧卖噶d,m,
2021-04-08 12:09:41,新疆 乌鲁木齐,微博视频号,小疆有话说,m,1990-01-15
2021-04-06 10:36:02,北京,nova4e 3200W立体美颜,逛新街口,f,2000-06-06
2021-04-09 16:57:13,北京 海淀区,微博视频号,会计家园VIP,f,2010-03-03
2021-04-08 11:31:03,新疆 乌鲁木齐,微博视频号,小疆有话说,m,1990-01-15
2021-04-12 15:01:31,新疆,微博视频号,天山网,f,0001-00-00
2021-04-12 22:31:39,新疆,微博 weibo.com,天山网,f,0001-00-00
2021-04-12 21:05:03,新疆,微博视频号,新疆发布,m,
2021-04-12 20:32:27,,TRS微博管理平台,新和县融媒体中心,f,
2021-04-12 20:31:37,,TRS微博管理平台,新和县融媒体中心,f,
2021-04-12 18:20:28,,OPPO Reno2,自嘲自讽LRZ,m,
2021-04-11 11:36:09,,微博视频号,小疆有话说,m,
2021-04-11 11:41:17,新疆 乌鲁木齐,微博视频号,小疆有话说,m,1990-01-15
2021-04-12 16:41:07,新疆 乌鲁木齐,360安全浏览器,直播新疆,f,0001-00-00
2021-04-12 16:41:00,,360安全浏览器,直播新疆,f,
2021-04-07 13:18:37,新疆 吐鲁番,360安全浏览器,网信吐鲁番,m,2012-02-24
2021-04-07 13:18:27,新疆 吐鲁番,360安全浏览器,网信吐鲁番,m,2012-02-24
2021-04-07 13:18:06,新疆 吐鲁番,360安全浏览器,网信吐鲁番,m,2012-02-24
2021-04-07 13:02:24,新疆,360安全浏览器,伊犁日报,m,0001-00-00
2021-04-07 13:01:44,,360安全浏览器,伊犁日报,m,
2021-04-07 12:43:47,新疆,Android,阿勒泰发布,m,2012-02-24
2021-04-07 12:43:28,,Android,阿勒泰发布,m,
2021-04-07 12:33:59,其他,nova7Pro你在焦点在,用户7584377491,f,2021-03-21
2021-04-07 12:06:17,,vivo S7轻薄自拍旗舰,雪国ks,f,
2021-04-07 11:54:18,新疆,vivo X23全息幻彩,美环同学110,m,1994-05-09
2021-04-10 12:28:31,新疆,360安全浏览器,伊犁日报,m,0001-00-00
2021-04-09 16:22:58,新疆 乌鲁木齐,微博视频号,小疆有话说,m,1990-01-15
2021-04-10 12:13:41,新疆 乌鲁木齐,iPhone客户端,别再回忆,m,
2021-04-10 11:32:40,新疆 乌鲁木齐,iPhone客户端,従矜懿後,f,0001-00-00
2021-04-10 11:20:03,新疆 乌鲁木齐,微博视频号,小疆有话说,m,1990-01-15
2021-04-10 11:15:04,新疆 乌鲁木齐,微博视频号,小疆有话说,m,1990-01-15
2021-04-10 11:10:36,,小米10 Pro,喵酷sensei,m,
2021-04-10 11:05:25,,荣耀30 5G,谁的繁星满天,m,
2021-04-10 11:05:04,新疆 乌鲁木齐,微博视频号,小疆有话说,m,1990-01-15
2021-04-10 11:02:31,新疆,OPPO Reno,巴里坤县网信巡查执法,m,
2021-04-05 11:18:44,,360安全浏览器,策勒V政务,m,
2021-04-05 11:17:43,,360安全浏览器,策勒V政务,m,
2021-04-05 11:16:33,,360安全浏览器,策勒V政务,m,
2021-04-05 11:16:16,,微博视频号,小疆有话说,m,
2021-04-05 11:14:17,新疆 乌鲁木齐,微博视频号,小疆有话说,m,1990-01-15
2021-04-05 11:13:46,新疆 吐鲁番,微博视频号,托克逊在线,m,1983-04-30
2021-04-05 11:13:45,,360安全浏览器,策勒V政务,m,
2021-04-05 10:34:10,,vivo S1照亮你的美,特克斯发布,f,
2021-04-05 10:33:58,新疆,vivo S1照亮你的美,特克斯发布,f,0001-00-00
2021-04-05 10:33:12,,vivo S1照亮你的美,特克斯发布,f,
2021-04-06 11:34:26,,微博视频号,小疆有话说,m,
2021-04-07 10:52:34,,微博 weibo.com,喀纳斯景区管委会,m,
2021-04-07 10:52:22,,微博 weibo.com,喀纳斯景区管委会,m,
2021-04-07 10:51:18,,iPhone客户端,QR二五零,m,
2021-04-07 10:49:50,,微博 weibo.com,喀纳斯景区管委会,m,
2021-04-07 10:48:48,其他,微博 weibo.com,lu宝haoyun,f,1995-04-12
2021-04-07 10:32:56,新疆,微博 weibo.com,网信奇台,m,1986-02-18
2021-04-07 10:25:53,新疆,微博 weibo.com,昌吉市融媒体中心,m,0001-00-00
2021-04-07 09:07:13,,HUAWEI P20,哈密日报,m,
2021-04-09 15:51:33,,微博视频号,小疆有话说,m,
2021-04-08 12:52:03,新疆 乌鲁木齐,微博视频号,小疆有话说,m,1990-01-15
2021-04-09 15:49:18,,荣耀20,中南林2019级土木7班团支部,f,
2021-04-08 11:20:03,,微博视频号,小疆有话说,m,
2021-04-09 14:30:07,其他,iPhone客户端,ASang55555,m,1996-08-26
2021-04-09 13:25:23,其他,HUAWEI P40 5G,威猛无敌小钻风,m,1994-11-08
2021-04-09 13:17:13,新疆 阿克苏,新版微博 weibo.com,落花的尖叫,m,1976-08-06
2021-04-09 13:10:20,,360安全浏览器,伊犁日报,m,
2021-04-09 13:09:20,,360安全浏览器,伊犁日报,m,
2021-04-09 13:07:45,新疆,360安全浏览器,伊犁日报,m,0001-00-00
2021-04-10 11:01:09,,OPPO Reno,巴里坤县网信巡查执法,m,
2021-04-10 11:00:10,,OPPO Reno,巴里坤县网信巡查执法,m,
2021-04-10 11:00:04,新疆 乌鲁木齐,微博视频号,小疆有话说,m,1990-01-15
2021-04-10 10:55:03,,微博视频号,小疆有话说,m,
2021-04-10 10:50:03,,微博视频号,小疆有话说,m,
2021-04-10 10:35:59,,HUAWEI Mate 20,柠檬的味道111,f,
2021-04-10 10:32:56,新疆 阿勒泰,微博 weibo.com,喀纳斯景区管委会,m,0001-00-00
2021-04-09 14:33:03,,微博 weibo.com,新疆发布,m,
2021-04-08 11:00:48,新疆 乌鲁木齐,微博视频号,小疆有话说,m,1990-01-15
2021-04-08 12:58:03,新疆 乌鲁木齐,微博视频号,小疆有话说,m,1990-01-15
2021-04-05 10:32:54,新疆,vivo S1照亮你的美,特克斯发布,f,0001-00-00
2021-04-05 10:32:28,,vivo S1照亮你的美,特克斯发布,f,
2021-04-05 10:28:41,新疆,微博 weibo.com,巴里坤县网信巡查执法,m,
2021-04-05 10:28:02,新疆,微博 weibo.com,巴里坤县网信巡查执法,m,
2021-04-05 10:27:42,新疆,微博 weibo.com,巴里坤县网信巡查执法,m,
2021-04-05 10:27:23,,微博 weibo.com,巴里坤县网信巡查执法,m,
2021-04-05 10:26:38,,微博 weibo.com,喀纳斯景区管委会,m,
2021-04-05 10:26:07,,微博 weibo.com,喀纳斯景区管委会,m,
2021-04-09 13:05:58,,360安全浏览器,伊犁日报,m,
2021-04-08 12:26:04,,微博视频号,小疆有话说,m,
2021-04-09 13:03:02,新疆,360安全浏览器,伊犁日报,m,0001-00-00
2021-04-09 13:02:59,,OPPO R9,a达来提,f,
2021-04-09 13:02:20,,360安全浏览器,伊犁日报,m,
2021-04-08 12:59:03,新疆 乌鲁木齐,微博视频号,小疆有话说,m,1990-01-15
2021-04-09 12:49:09,,HUAWEI P30,aaliliyaya20,m,
2021-04-09 12:28:57,新疆 乌鲁木齐,vivo浏览器,提拉弥渡泼河天,m,1997-12-22
2021-04-09 11:47:45,,Android,阿勒泰发布,m,
2021-04-09 11:40:47,,OPPO Reno2,自嘲自讽LRZ,m,
2021-04-07 09:02:48,,HUAWEI P20,哈密日报,m,
2021-04-06 11:45:03,,微博视频号,小疆有话说,m,
2021-04-06 11:35:48,新疆 乌鲁木齐,微博视频号,小疆有话说,m,1990-01-15
2021-04-06 23:17:19,其他,小米手机,rememberhappybx,f,
2021-04-06 11:54:03,新疆 乌鲁木齐,微博视频号,小疆有话说,m,1990-01-15
2021-04-06 11:30:05,新疆 乌鲁木齐,微博视频号,小疆有话说,m,1990-01-15
2021-04-06 21:11:43,,vivo浏览器,提拉弥渡泼河天,m,
2021-04-06 11:43:03,新疆 乌鲁木齐,微博视频号,小疆有话说,m,1990-01-15
2021-04-05 21:21:02,,360安全浏览器,新疆发布,m,
2021-04-06 18:40:17,新疆 乌鲁木齐,iPhone客户端,淡淡小飞鱼,f,
2021-04-05 10:19:17,新疆 克孜勒苏,360安全浏览器,爱旅行的小兴安岭06,f,0001-00-00
2021-04-05 10:18:29,,iPhone X,欧卖噶d,m,
2021-04-05 10:17:14,新疆 克孜勒苏,360安全浏览器,爱旅行的小兴安岭06,f,0001-00-00
2021-04-05 10:04:05,新疆,Android,阿勒泰发布,m,2012-02-24
2021-04-05 09:52:08,,HUAWEI Mate 30 5G,365-厦门大雨,m,
2021-04-04 21:09:03,新疆,微博 weibo.com,天山网,f,0001-00-00
2021-04-14 11:25:25,新疆 乌鲁木齐,微博视频号,小疆有话说,m,1990-01-15
2021-04-13 16:24:49,新疆 乌鲁木齐,微博视频号,小疆有话说,m,1990-01-15
2021-04-13 16:26:57,,微博视频号,小疆有话说,m,
2021-04-12 11:14:52,新疆 乌鲁木齐,微博视频号,小疆有话说,m,1990-01-15
2021-04-15 11:53:57,,微博视频号,小疆有话说,m,
2021-04-14 11:22:17,新疆 乌鲁木齐,微博视频号,小疆有话说,m,1990-01-15
2021-03-30 21:00:02,,微博原生直播,CGTN,m,
2021-03-26 15:26:42,,HUAWEI P30 Pro,田薇_TianWei,f,
2021-04-14 11:21:04,,微博视频号,小疆有话说,m,
2021-04-15 11:35:32,新疆 乌鲁木齐,微博视频号,小疆有话说,m,1990-01-15
2021-04-06 18:40:17,,iPhone客户端,淡淡小飞鱼,f,
2021-04-06 18:10:07,其他,OPPO R15 梦镜版,秋天的暖阳201910,f,1989-10-19
2021-04-06 17:13:50,,nova7你在焦点在,北北居居的萌梦,f,
2021-04-06 16:52:14,湖南 张家界,HUAWEI Mate 20,柠檬的味道111,f,2020-06-01
2021-04-06 16:43:33,,微博 weibo.com,巴里坤县网信巡查执法,m,
2021-04-06 16:10:19,,iPhone客户端,LiangTingTing丶,f,
2021-04-06 16:05:17,,小米9 SE,薛定谔的小猫咪啊,f,
2021-04-06 15:42:06,,微博 weibo.com,昌吉市融媒体中心,m,
2021-04-06 14:50:20,,小米8周年旗舰手机,噜啦啦0912,f,
2021-04-06 14:00:32,,nova5Pro人像超级夜景,租下那片浅笑,f,
2021-04-09 11:40:47,新疆 巴音郭楞,OPPO Reno2,自嘲自讽LRZ,m,1999-01-13
2021-04-09 11:30:28,,微博 weibo.com,昌吉市融媒体中心,m,
2021-04-09 10:50:00,新疆,OPPO Reno,巴里坤县网信巡查执法,m,
2021-04-09 10:47:40,,OPPO Reno,巴里坤县网信巡查执法,m,
2021-04-09 10:46:45,新疆,Redmi K20 Pro 尊享版,jdnxyribrc,f,1991-04-04
2021-04-09 10:45:39,新疆,OPPO Reno,巴里坤县网信巡查执法,m,
2021-04-09 10:44:54,新疆,OPPO Reno,巴里坤县网信巡查执法,m,
2021-04-09 10:42:04,新疆,OPPO Reno,巴里坤县网信巡查执法,m,
2021-04-09 10:41:07,,OPPO Reno,巴里坤县网信巡查执法,m,
2021-04-09 10:29:59,,微博 weibo.com,网信奇台,m,
2021-04-04 22:22:14,,TRS微博管理平台,新和县融媒体中心,f,
2021-04-04 22:21:01,,,y吃西瓜不吐葡萄皮y,f,
2021-04-04 22:20:14,新疆 阿克苏,TRS微博管理平台,新和县融媒体中心,f,2007-02-03
2021-04-04 22:17:42,,TRS微博管理平台,新和县融媒体中心,f,
2021-04-04 08:39:48,,nova4e 3200W立体美颜,滚滚的人生,m,
2021-04-04 20:21:46,,OPPO K3 硬核少年,维维的小狗,f,
2021-04-04 19:45:21,,iPhone,CollXtion,m,
2021-04-04 19:24:15,,微博 weibo.com,昌吉市融媒体中心,m,
2021-04-04 19:02:40,江苏,vivo Y3 闪充强续航,追星负情-绪,m,1994-07-23
2021-04-04 18:57:51,,微博搜索,一整个夏天的薄荷凉40309,m,
2021-04-09 10:02:02,,HUAWEI P20,哈密日报,m,
2021-04-09 09:59:05,,HUAWEI P20,哈密日报,m,
2021-04-09 09:56:53,,HUAWEI P20,哈密日报,m,
2021-04-09 09:55:33,,HUAWEI P20,哈密日报,m,
2021-04-09 09:54:57,,HUAWEI P20,哈密日报,m,
2021-04-08 23:57:03,,微博 weibo.com,新疆发布,m,
2021-04-08 21:29:09,新疆 阿克苏,TRS微博管理平台,新和县融媒体中心,f,2007-02-03
2021-04-08 21:26:17,,TRS微博管理平台,新和县融媒体中心,f,
2021-04-08 20:26:57,,微博视频号,托克逊在线,m,
2021-04-06 13:20:22,,华为畅享5G,阿依努尔01479,f,
2021-04-06 12:44:09,,iPhone客户端,哎呦-121,f,
2021-04-06 12:41:07,新疆 吐鲁番,360安全浏览器,网信吐鲁番,m,2012-02-24
2021-04-06 12:40:55,,360安全浏览器,网信吐鲁番,m,
2021-04-06 12:05:39,新疆,360安全浏览器,伊犁日报,m,0001-00-00
2021-04-06 12:04:40,,360安全浏览器,伊犁日报,m,
2021-04-06 10:59:49,新疆,微博 weibo.com,网信奇台,m,1986-02-18
2021-04-06 10:40:15,,iPhone X,欧卖噶d,m,
2021-04-06 10:39:09,,iPhone X,欧卖噶d,m,
2021-04-06 10:34:36,,微博视频号,爱旅行的小兴安岭06,f,
2021-04-08 18:50:53,,iPhone客户端,淡淡小飞鱼,f,
2021-04-08 17:43:43,新疆 巴音郭楞,OPPO Reno2,自嘲自讽LRZ,m,1999-01-13
2021-04-07 11:14:59,,微博视频号,小疆有话说,m,
2021-04-08 16:28:19,,微博搜索,暗夜森林6190573978,m,
2021-04-07 11:30:39,,微博视频号,小疆有话说,m,
2021-04-08 16:11:41,新疆 乌鲁木齐,小米9 透明尊享版,云朵冰红茶,m,1988-05-12
2021-04-08 15:21:58,,微博 weibo.com,昌吉市融媒体中心,m,
2021-04-08 15:12:05,,vivo iQOO生而强悍,蔚蓝不是很远,m,
2021-04-08 13:45:58,,小米8周年旗舰手机,噜啦啦0912,f,
2021-04-07 11:29:41,,微博视频号,小疆有话说,m,
2021-04-04 18:24:38,,TRS微博管理平台,亚欧枢纽港-阿拉山口市,m,
2021-04-04 18:16:24,,iPhone客户端,踩老张匡威亲老张,f,
2021-04-04 18:04:57,甘肃 临夏,HUAWEI Mate 20 Pro,坦荡jjy,f,1976-08-08
2021-04-04 17:28:19,新疆 乌鲁木齐,360安全浏览器,直播新疆,f,0001-00-00
2021-04-04 17:28:14,新疆 乌鲁木齐,360安全浏览器,直播新疆,f,0001-00-00
2021-04-04 17:28:09,,360安全浏览器,直播新疆,f,
2021-04-04 17:27:52,新疆 乌鲁木齐,360安全浏览器,直播新疆,f,0001-00-00
2021-04-04 17:27:36,新疆 乌鲁木齐,360安全浏览器,直播新疆,f,0001-00-00
2021-04-04 17:27:25,新疆 乌鲁木齐,360安全浏览器,直播新疆,f,0001-00-00
2021-04-04 17:27:03,,360安全浏览器,直播新疆,f,
2021-04-06 10:31:47,,360安全浏览器,爱旅行的小兴安岭06,f,
2021-04-06 10:30:34,新疆 克孜勒苏,360安全浏览器,爱旅行的小兴安岭06,f,0001-00-00
2021-04-06 10:29:18,新疆 克孜勒苏,360安全浏览器,爱旅行的小兴安岭06,f,0001-00-00
2021-04-06 10:27:59,,360安全浏览器,爱旅行的小兴安岭06,f,
2021-04-06 10:27:18,,360安全浏览器,爱旅行的小兴安岭06,f,
2021-04-06 10:26:18,新疆 克孜勒苏,360安全浏览器,爱旅行的小兴安岭06,f,0001-00-00
2021-04-06 10:23:41,,HUAWEI P10 Plus,仁智7190628460,m,
2021-04-06 10:13:56,,微博 weibo.com,喀纳斯景区管委会,m,
2021-04-06 09:26:16,新疆,Android,阿勒泰发布,m,2012-02-24
2021-04-06 07:59:39,,OPPO A91,苑胖胖已经长胖了,f,
2021-04-08 13:29:26,,360安全浏览器,伊犁日报,m,
2021-04-08 13:28:56,,360安全浏览器,伊犁日报,m,
2021-04-08 13:28:04,,360安全浏览器,伊犁日报,m,
2021-04-08 13:27:24,新疆,360安全浏览器,伊犁日报,m,0001-00-00
2021-04-08 13:26:39,,360安全浏览器,伊犁日报,m,
2021-04-08 13:26:16,新疆,360安全浏览器,伊犁日报,m,0001-00-00
2021-04-07 11:20:09,新疆 乌鲁木齐,微博视频号,小疆有话说,m,1990-01-15
2021-04-08 13:23:03,,荣耀20,雪岭云杉85,m,
2021-04-07 11:22:51,新疆 乌鲁木齐,微博视频号,小疆有话说,m,1990-01-15
2021-04-08 12:34:05,,iPhone XS Max,云片糕生煎包,f,
2021-04-06 00:04:45,新疆 乌鲁木齐,微博 weibo.com,直播新疆,f,0001-00-00
2021-04-06 00:02:59,,微博 weibo.com,直播新疆,f,
2021-04-06 00:00:37,,微博 weibo.com,直播新疆,f,
2021-04-05 23:58:33,,微博 weibo.com,直播新疆,f,
2021-04-05 23:53:43,,微博 weibo.com,直播新疆,f,
2021-04-05 23:52:38,,微博 weibo.com,直播新疆,f,
2021-04-05 23:50:12,新疆 乌鲁木齐,微博 weibo.com,直播新疆,f,0001-00-00
2021-04-05 18:52:55,新疆,微博 weibo.com,伊犁日报,m,0001-00-00
2021-04-05 18:50:00,,微博 weibo.com,伊犁日报,m,
2021-04-05 18:44:14,,微博 weibo.com,昌吉市融媒体中心,m,
2021-04-04 16:22:06,,荣耀10 AI变色更潮美,这个大叔坏坏的,m,
2021-04-04 16:21:37,新疆 乌鲁木齐,荣耀10 AI变色更潮美,这个大叔坏坏的,m,1988-04-04
2021-04-04 16:21:25,,荣耀10 AI变色更潮美,这个大叔坏坏的,m,
2021-04-04 16:21:08,新疆 乌鲁木齐,荣耀10 AI变色更潮美,这个大叔坏坏的,m,1988-04-04
2021-04-04 16:20:53,新疆 乌鲁木齐,荣耀10 AI变色更潮美,这个大叔坏坏的,m,1988-04-04
2021-04-04 16:19:27,新疆 乌鲁木齐,荣耀10 AI变色更潮美,这个大叔坏坏的,m,1988-04-04
2021-04-04 16:10:32,,Note 9 Pro 一亿像素,只有我5512,f,
2021-04-04 12:47:45,新疆,iPhone客户端,o小爱o0517,f,1987-05-17
2021-04-04 11:49:44,,iPhone客户端,千岛冬日,f,
2021-04-04 11:46:19,其他,nova8 我由我掌镜,用户6357143597,f,
2021-04-04 11:45:03,新疆 乌鲁木齐,微博视频号,小疆有话说,m,1990-01-15
2021-04-04 11:40:16,其他,iPhone客户端,千岛冬日,f,
2021-04-04 11:35:03,新疆 乌鲁木齐,微博视频号,小疆有话说,m,1990-01-15
2021-04-04 11:33:14,,iPhone客户端,wang哈哈123,f,
2021-04-04 11:31:08,,iPhone客户端,wang哈哈123,f,
2021-04-04 11:15:06,,微博视频号,爱旅行的小兴安岭06,f,
2021-04-04 10:53:02,,微博 weibo.com,伊犁日报,m,
2021-04-04 10:47:32,,360安全浏览器,爱旅行的小兴安岭06,f,
2021-04-04 10:47:01,,360安全浏览器,爱旅行的小兴安岭06,f,
2021-04-04 10:46:27,,360安全浏览器,爱旅行的小兴安岭06,f,
2021-04-08 12:15:13,甘肃 天水,HUAWEI P10 Plus,仁智7190628460,m,1992-01-01
2021-04-08 12:13:41,,360安全浏览器,网信吐鲁番,m,
2021-04-08 12:13:08,,360安全浏览器,网信吐鲁番,m,
2021-04-08 12:12:57,新疆 吐鲁番,360安全浏览器,网信吐鲁番,m,2012-02-24
2021-04-08 11:59:35,,nova7Pro你在焦点在,用户7584377491,f,
2021-04-08 11:49:52,其他,HUAWEI P30 Pro,克拉玛依马东锡,m,
2021-04-08 11:30:15,新疆 克孜勒苏,微博视频号,爱旅行的小兴安岭06,f,0001-00-00
2021-04-08 11:22:34,新疆,iPhone客户端,网信吉木萨尔,m,2000-10-01
2021-04-08 10:42:16,新疆,微博 weibo.com,网信奇台,m,1986-02-18
2021-04-08 10:39:27,,微博 weibo.com,网信奇台,m,
2021-04-05 15:05:45,,搜狗高速浏览器,天山网,f,
2021-04-05 17:41:20,新疆 乌鲁木齐,iPhone客户端,淡淡小飞鱼,f,
2021-04-05 15:58:14,,微博视频号,天山网,f,
2021-04-05 17:27:54,,nova5Pro人像超级夜景,我啊你在干嘛,f,
2021-04-05 16:57:36,其他,nova7你在焦点在,北北居居的萌梦,f,1997-11-08
2021-04-05 15:53:44,新疆,微博 weibo.com,伊犁日报,m,0001-00-00
2021-04-05 15:50:42,新疆,微博 weibo.com,伊犁日报,m,0001-00-00
2021-04-05 15:46:11,,微博 weibo.com,伊犁日报,m,
2021-04-05 13:56:35,新疆,360安全浏览器,新疆发布,m,
2021-04-05 13:12:15,,360安全浏览器,直播新疆,f,
2021-04-04 10:45:45,,360安全浏览器,爱旅行的小兴安岭06,f,
2021-04-04 10:44:16,,360安全浏览器,爱旅行的小兴安岭06,f,
2021-04-04 10:37:41,新疆 阿勒泰,微博 weibo.com,喀纳斯景区管委会,m,0001-00-00
2021-04-04 10:37:26,,微博 weibo.com,喀纳斯景区管委会,m,
2021-04-04 10:37:01,,微博视频号,小疆有话说,m,
2021-04-03 20:35:13,,OPPO Reno,巴里坤县网信巡查执法,m,
2021-04-03 20:34:10,,OPPO Reno,巴里坤县网信巡查执法,m,
2021-04-03 20:33:31,新疆,OPPO Reno,巴里坤县网信巡查执法,m,
2021-04-03 20:31:28,新疆,OPPO Reno,巴里坤县网信巡查执法,m,
2021-04-03 20:30:54,新疆,OPPO Reno,巴里坤县网信巡查执法,m,
2021-04-08 10:38:11,,HUAWEI P20,哈密日报,m,
2021-04-07 11:32:45,,微博视频号,小疆有话说,m,
2021-04-07 11:34:11,,微博视频号,小疆有话说,m,
2021-04-08 10:21:38,,iPhone X,欧卖噶d,m,
2021-04-08 10:18:36,新疆 阿勒泰,微博 weibo.com,喀纳斯景区管委会,m,0001-00-00
2021-04-08 09:20:12,,Android,阿勒泰发布,m,
2021-04-07 23:52:19,,TRS微博管理平台,新和县融媒体中心,f,
2021-04-07 20:43:31,新疆 吐鲁番,微博视频号,托克逊在线,m,1983-04-30
2021-04-07 19:59:39,,微博 weibo.com,阿克苏环境保护,m,
2021-04-07 19:28:02,,微博 weibo.com,喀纳斯景区管委会,m,
2021-04-05 13:11:53,新疆 乌鲁木齐,360安全浏览器,直播新疆,f,0001-00-00
2021-04-05 13:11:48,,360安全浏览器,直播新疆,f,
2021-04-05 13:11:42,新疆 乌鲁木齐,360安全浏览器,直播新疆,f,0001-00-00
2021-04-05 13:11:36,,360安全浏览器,直播新疆,f,
2021-04-05 13:11:25,新疆 乌鲁木齐,360安全浏览器,直播新疆,f,0001-00-00
2021-04-05 13:10:32,新疆 乌鲁木齐,360安全浏览器,直播新疆,f,0001-00-00
2021-04-05 13:03:21,,小米8周年旗舰手机,噜啦啦0912,f,
2021-04-05 11:37:03,新疆 乌鲁木齐,微博视频号,小疆有话说,m,1990-01-15
2021-04-04 12:10:03,,微博 weibo.com,天山网,f,
2021-04-05 12:14:58,,微博视频号,小疆有话说,m,
2021-04-07 19:13:27,,iPhone客户端,扒组吃瓜菌,f,
2021-04-07 18:47:33,其他,小米10 青春版 5G,看花间有喜酒,m,
2021-04-07 17:25:40,,微博视频号,第一次小姐姐sun,f,
2021-04-06 11:15:35,,nova4e 3200W立体美颜,滚滚的人生,m,
2021-04-06 12:01:03,新疆 乌鲁木齐,微博视频号,小疆有话说,m,1990-01-15
2021-04-06 11:58:03,,微博视频号,小疆有话说,m,
2021-04-06 11:52:04,新疆 乌鲁木齐,微博视频号,小疆有话说,m,1990-01-15
2021-04-07 15:10:05,,OPPO Find X,半块糖_2206,f,
2021-04-07 14:27:53,,iPhone客户端,一头扎在阳光里,m,
2021-04-07 13:51:10,,小米8周年旗舰手机,噜啦啦0912,f,
2021-04-16 12:37:43,,微博视频号,小疆有话说,m,
2021-04-14 18:17:05,,微博视频号,小疆有话说,m,
2021-04-06 15:53:59,,微博视频号,天山网,f,
2021-04-15 12:01:35,新疆 乌鲁木齐,微博视频号,小疆有话说,m,1990-01-15
2021-04-12 23:22:03,,微博视频号,天山网,f,
2021-04-16 11:39:01,新疆 乌鲁木齐,微博视频号,小疆有话说,m,1990-01-15
2021-04-15 11:13:19,,微博视频号,小疆有话说,m,
2021-04-16 12:34:21,新疆 乌鲁木齐,微博视频号,小疆有话说,m,1990-01-15
2021-04-16 12:23:28,新疆 乌鲁木齐,微博视频号,小疆有话说,m,1990-01-15
2021-04-15 11:59:28,新疆 乌鲁木齐,微博视频号,小疆有话说,m,1990-01-15
2021-04-05 12:10:17,,微博视频号,小疆有话说,m,
2021-04-05 12:10:03,新疆 乌鲁木齐,微博视频号,小疆有话说,m,1990-01-15
2021-04-05 12:05:04,,微博视频号,小疆有话说,m,
2021-04-05 11:55:03,新疆 乌鲁木齐,微博视频号,小疆有话说,m,1990-01-15
2021-04-05 11:50:21,北京 海淀区,微博 weibo.com,新疆大当家,m,1990-05-03
2021-04-05 11:50:03,新疆 乌鲁木齐,微博视频号,小疆有话说,m,1990-01-15
2021-04-05 11:45:03,,微博视频号,小疆有话说,m,
2021-04-05 11:40:04,新疆 乌鲁木齐,微博视频号,小疆有话说,m,1990-01-15
2021-04-05 11:33:22,,nova5Pro人像超级夜景,租下那片浅笑,f,
2021-04-05 11:19:20,新疆,360安全浏览器,策勒V政务,m,
2021-04-14 11:30:04,,微博视频号,小疆有话说,m,
2021-04-16 12:17:51,新疆 乌鲁木齐,微博视频号,小疆有话说,m,1990-01-15
2021-04-13 16:54:24,新疆 乌鲁木齐,微博视频号,小疆有话说,m,1990-01-15
2021-04-16 12:28:07,,微博视频号,小疆有话说,m,
2021-04-16 12:20:16,,微博视频号,小疆有话说,m,
2021-04-16 12:06:37,,微博视频号,小疆有话说,m,
2021-04-15 11:33:24,,微博视频号,小疆有话说,m,
2021-04-15 11:55:52,新疆 乌鲁木齐,微博视频号,小疆有话说,m,1990-01-15
2021-04-11 21:39:18,新疆,微博视频号,天山网,f,0001-00-00
2021-04-14 11:26:53,新疆 乌鲁木齐,微博视频号,小疆有话说,m,1990-01-15
